Credit_total	Sexe	Education	Statut_marital	Age	Statut_mois_1	Statut_mois_2	Statut_mois_3	Statut_mois_4	Statut_mois_5	Statut_mois_6	Montant_mois_1	Montant_mois_2	Montant_mois_3	Montant_mois_4	Montant_mois_5	Montant_mois_6	Versement_mois_1	Versement_mois_2	Versement_mois_3	Versement_mois_4	Versement_mois_5	Versement_mois_6
4762	2	2	1	29	0	0	0	0	0	-2	4870	4061	1920	1960	0	0	171	93	93	0	0	0
3333	2	2	2	26	-1	-1	-1	-1	0	0	240	154	322	2248	2221	2252	154	323	2248	74	86	86
4762	2	1	1	39	-1	-1	-1	-2	-1	-1	345	189	0	0	12	105	189	0	0	12	105	0
3333	1	1	2	29	0	0	0	0	0	0	709	765	810	561	580	103	95	71	71	24	24	48
3095	2	2	2	25	1	2	2	2	0	0	105	99	239	127	130	109	0	143	0	4	8	2
2143	2	2	2	23	0	0	0	0	0	0	285	446	468	334	339	224	167	32	26	9	7	8
6429	1	1	2	33	-1	-1	-1	-1	-1	-1	231	223	332	213	364	429	224	333	213	365	429	5
7143	1	2	2	27	-1	-1	-1	-1	0	-1	33	596	226	2179	1923	64	598	228	2180	6	64	24
3810	2	2	1	55	0	0	0	0	0	0	2052	1999	1466	1398	1354	1333	95	71	48	48	71	119
4762	2	2	2	26	0	0	0	-1	0	0	299	272	114	279	293	257	26	24	279	62	8	6
7857	1	2	1	48	-2	-2	-2	-2	-2	-2	144	199	213	65	65	65	200	214	65	65	65	65
6190	2	2	1	37	1	-1	-1	-1	0	-1	0	7	22	897	870	14	7	22	897	0	14	8
2857	2	1	2	24	0	0	0	0	0	0	1805	1810	1600	1189	790	472	88	48	48	48	29	24
3810	2	2	2	25	-2	-2	-2	-2	-2	-2	0	0	0	0	0	0	0	0	0	0	0	0
11905	2	1	1	38	-1	2	-1	-1	-1	0	14	7	12	7	14	11	0	12	7	14	7	14
1905	2	2	2	26	0	-1	0	0	0	-1	12	10	85	54	53	115	12	84	52	52	200	192
1429	2	2	2	23	0	0	0	0	0	0	1343	1360	1382	1405	942	928	49	54	49	36	36	36
5476	2	1	2	28	0	-1	0	0	-1	0	374	314	585	741	1442	237	314	477	262	1442	190	144
3810	2	2	1	31	0	0	0	0	0	0	3222	3482	1825	1901	1975	2028	119	238	119	119	95	95
1190	1	2	2	35	0	0	0	0	-1	-1	346	258	228	174	30	79	48	48	48	30	78	0
476	1	2	2	21	0	0	0	0	0	0	445	440	467	437	223	0	38	42	24	24	0	0
1429	1	2	2	24	0	0	0	0	0	0	1137	627	394	376	423	225	35	48	0	48	0	0
5476	2	1	1	46	-2	-2	-2	-2	-2	-2	118	225	183	126	49	150	225	183	126	49	150	432
1190	1	2	2	30	0	0	0	0	0	0	1203	1161	1064	472	325	259	95	53	24	36	24	36
1190	1	1	2	26	-1	0	0	0	0	0	429	442	457	466	477	445	39	30	16	17	23	17
5238	2	1	2	24	0	0	0	0	0	0	1236	1264	1290	1316	1347	1381	48	47	48	53	60	56
238	1	3	2	24	1	3	2	3	2	0	132	138	144	138	133	140	12	12	0	0	10	9
6667	1	2	2	30	0	0	0	0	0	0	694	355	5652	5567	4735	4502	31	5568	165	141	456	141
714	2	3	2	33	0	0	2	0	0	2	535	604	587	603	631	622	78	0	29	34	0	13
9524	2	1	2	33	-2	-2	-2	-2	-2	-2	0	0	0	0	0	0	0	0	0	0	0	0
4048	1	2	1	49	2	2	2	2	2	2	643	716	431	454	447	191	96	0	25	0	19	0
5476	2	1	2	36	-1	-1	-1	0	0	0	37	7	200	178	156	14	7	200	0	0	0	8
2381	2	1	1	39	2	2	2	2	2	2	2316	2370	2379	2376	2325	2404	112	70	74	0	147	0
1190	1	2	1	45	1	2	0	0	0	0	1177	1151	1170	1177	498	478	0	49	33	17	17	17
4048	1	1	2	36	-1	-1	-1	-1	-1	-1	201	15	180	0	12	14	15	180	0	12	14	0
9524	1	2	1	40	7	6	5	4	3	2	9652	9470	9283	9166	9092	8555	0	0	0	3	54	1015
1667	2	2	2	30	2	0	0	2	0	0	709	727	786	767	783	800	37	71	0	29	30	48
5000	2	2	2	34	0	0	0	0	0	0	1516	1364	1413	1461	1509	1551	52	71	71	71	71	83
1190	1	3	1	44	0	0	0	0	0	0	379	413	446	457	419	401	48	48	24	24	24	24
4286	2	3	2	25	0	0	0	0	0	0	2871	2318	2090	2132	2182	2238	84	76	76	83	95	88
5238	2	2	2	39	0	0	0	0	0	0	3385	3359	3343	3346	3341	3351	167	167	119	143	150	143
5000	2	1	1	44	-1	-1	-1	-2	-2	-2	357	46	0	0	0	0	46	0	0	0	0	0
1190	2	2	2	44	-1	-1	-1	-1	-1	-1	12	35	30	20	2	6	35	30	20	2	6	14
1905	2	3	1	49	0	0	0	0	0	0	1904	1808	1761	1712	1426	1414	64	68	71	71	95	60
11905	2	1	2	51	1	-2	-2	-2	-2	-2	0	0	0	0	0	0	0	0	0	0	0	0
10714	2	1	2	25	-2	-2	-2	-2	-2	-2	0	0	0	0	0	0	0	0	0	0	0	0
4286	1	2	2	43	-1	-1	-2	-2	-2	-2	141	136	57	248	60	52	137	57	248	60	52	331
3810	2	2	1	34	0	0	0	0	0	0	126	141	167	193	205	225	36	29	48	24	24	12
1905	1	1	1	41	2	2	2	2	2	2	1904	1975	1992	2011	1998	1909	117	71	71	74	0	262
6190	1	1	2	29	0	0	0	0	0	0	1240	1240	1112	1131	1072	1149	143	119	119	95	119	119
2857	2	1	2	32	0	0	0	0	2	0	763	949	1023	1045	648	6	238	119	75	0	0	2754
5238	2	2	1	33	-2	-2	-2	-2	-2	-2	230	198	38	32	195	339	198	38	32	195	339	84
3571	2	1	2	25	0	0	0	0	-1	0	3585	3540	3507	3451	1288	145	124	76	88	1649	25	0
11905	2	2	1	32	0	0	0	0	0	0	9655	9933	10225	10272	10477	10691	476	452	286	214	214	10548
7619	2	2	2	33	-1	-1	-1	-1	-1	-1	381	46	210	89	18	130	46	210	89	18	130	18
4762	1	1	2	31	1	-2	-1	-1	-1	-1	0	0	1198	673	1004	0	0	1198	673	1004	120	72
1190	2	1	2	39	0	0	0	0	0	0	1128	1159	1151	1080	463	473	50	55	31	24	17	14
9286	2	1	1	28	0	0	0	0	0	0	1445	1534	1607	1633	1557	1586	119	119	119	119	119	119
2143	2	2	1	24	0	0	0	0	0	2	2058	2136	1683	1752	2161	1278	119	79	544	79	0	39
5952	2	1	1	47	-1	-1	-1	-1	-1	-1	1026	253	1186	473	1335	1082	253	1186	473	1335	1082	712
1667	2	2	1	29	0	0	0	0	0	-2	274	262	333	163	0	0	48	96	48	0	0	0
3810	1	1	1	39	-2	-2	-2	-2	-2	-2	99	0	0	0	70	0	1	0	0	70	0	289
1190	1	4	2	46	0	0	0	-1	0	0	1175	1182	474	457	466	456	34	24	457	16	17	18
8571	2	3	1	39	-1	-1	-1	-1	-1	-2	118	4	48	27	0	0	4	48	27	0	0	0
2143	2	2	1	34	-1	2	-1	-1	-2	-2	8	4	10	0	0	0	0	10	0	0	0	0
4048	2	2	2	51	0	0	0	0	0	0	3673	3850	3930	3958	2611	2688	238	179	161	95	119	119
2381	2	1	2	33	0	0	0	0	0	0	1795	1067	1126	922	936	964	48	119	36	38	48	65
2619	2	2	2	26	-2	-2	-2	-2	-2	-2	10	77	136	30	44	10	77	141	0	71	0	0
3571	1	1	1	35	0	0	0	0	0	0	3816	3666	3089	2454	1296	1118	145	121	100	45	38	36
476	1	2	1	27	0	0	0	-2	-2	-2	386	108	0	0	0	0	48	0	0	0	0	0
4762	2	1	1	37	1	-2	-2	-2	-1	-1	0	0	0	0	14	0	0	0	0	14	0	56
2143	1	2	1	31	0	0	0	0	-2	-2	126	179	247	0	0	0	60	71	0	0	0	0
3095	2	2	2	30	0	0	0	0	-2	-2	3020	3069	372	0	0	0	138	24	0	0	0	0
5952	2	2	2	30	0	0	0	0	0	0	4701	4806	4911	5023	5136	5207	179	179	190	190	190	202
8333	1	1	2	35	2	-1	-1	0	-1	-1	2	79	1192	191	197	550	79	1195	1	198	550	119
3571	2	1	2	27	-2	-2	-2	-2	-2	-2	0	0	0	0	0	0	0	0	0	0	0	0
7381	2	3	1	31	0	0	0	0	0	0	5100	4243	3350	2497	1839	1766	214	143	119	71	95	71
1190	1	2	2	37	0	0	0	0	0	0	1194	1203	1192	1170	1159	0	49	48	33	40	0	0
1429	2	2	2	25	0	0	0	0	0	0	188	220	264	289	402	419	36	48	30	119	24	17
476	1	2	2	34	-1	-1	-1	2	2	-2	9	9	19	19	0	0	9	19	0	0	0	0
2381	2	1	2	27	0	0	0	0	0	0	1038	1092	1296	1334	1416	1131	71	238	63	119	48	95
4524	1	2	2	34	2	0	0	0	2	2	3090	3128	3200	3389	3336	3573	119	119	238	0	289	66
476	2	3	1	54	1	2	2	2	0	0	171	165	200	217	233	250	0	38	24	24	21	0
5714	2	2	1	43	0	0	0	0	0	0	1155	1167	1120	1091	941	973	52	46	40	48	48	31
5476	2	1	2	27	1	2	0	0	-1	-1	1110	1077	250	161	104	40	0	24	3	104	40	67
1905	2	3	1	57	0	0	0	0	0	0	1912	1548	1484	1031	973	966	81	329	85	39	36	43
6667	2	2	2	31	0	0	0	0	0	0	3515	3588	3733	3720	3789	3885	167	238	143	124	143	129
3571	2	2	1	39	2	2	0	0	0	0	3731	3637	3590	3337	3408	3613	0	136	119	124	262	0
476	2	2	2	23	1	2	0	0	0	2	371	358	376	407	445	435	0	30	38	52	0	88
476	2	3	1	44	0	0	0	2	2	2	182	214	259	295	271	0	35	62	48	0	0	0
9524	1	1	2	39	2	2	2	2	2	2	1175	1208	1183	1255	1221	1311	60	0	107	0	114	38
4762	1	2	2	40	0	0	0	0	0	2	400	425	442	452	582	569	38	31	17	138	0	71
3333	2	2	2	26	0	0	-1	-1	-1	0	195	90	90	90	99	102	24	90	90	99	24	120
2143	2	2	2	29	0	0	0	0	0	0	2121	1997	1845	1108	1149	1189	97	120	71	71	71	48
7619	1	2	1	37	-2	-2	-2	-2	-2	-2	1036	12	10	339	129	71	12	10	341	130	71	120
1429	2	2	1	33	2	0	0	0	0	0	1431	1452	1324	1308	1142	709	60	48	119	48	48	0
2381	2	1	1	38	-1	-1	-1	-1	-1	-1	40	17	43	47	0	15	17	43	47	0	15	0
5714	2	2	1	40	-1	-1	-1	-1	-1	-1	8	8	8	8	8	8	8	8	8	8	8	8
1905	2	3	1	39	-2	-2	-2	-2	-2	-2	0	0	0	0	0	0	0	0	0	0	0	0
5476	1	1	2	27	-1	-1	-1	-1	-1	-1	78	43	43	43	18	80	43	43	43	18	80	24
5952	1	1	2	41	-1	3	2	2	2	-2	4	4	37	33	0	0	0	33	0	0	0	0
9524	2	2	1	39	-2	-2	-2	-2	-1	-1	2171	1324	334	485	2147	1882	1333	335	486	2147	1885	828
5000	2	1	2	31	0	0	0	0	0	0	956	989	1024	1048	1078	1104	48	60	48	48	48	48
3333	2	1	2	31	-2	-2	-2	-2	-2	-1	380	593	290	94	73	55	599	290	94	73	55	11
8095	2	2	1	36	0	0	0	0	0	0	3987	3697	3202	3093	2712	2540	169	106	97	84	108	98
9286	1	1	1	34	0	0	0	-1	0	0	2183	1633	2410	2303	2995	4336	1430	2022	2883	1905	2024	190
4762	2	3	1	53	0	0	0	0	0	0	3001	3072	3104	3172	3242	3303	155	119	119	121	119	129
3333	1	2	2	38	0	0	0	2	0	0	3276	3236	3392	3348	3318	3356	143	298	95	119	143	126
1190	1	1	2	28	0	0	0	0	0	0	1001	1128	1130	1183	1168	0	262	119	119	750	0	0
3095	1	2	1	34	0	0	0	0	0	0	3095	3164	3062	3108	2404	2299	156	160	144	96	88	85
10476	2	1	2	33	-1	-1	-1	-1	-1	-1	7	7	20	257	18	14	7	20	258	18	14	101
4286	2	1	2	30	-2	-1	-1	-1	-1	-1	0	63	18	57	6	92	63	18	57	6	92	7
8571	1	3	2	34	0	0	0	0	0	0	7259	7173	6146	6079	5570	5617	357	220	220	193	199	214
4762	1	1	1	32	-1	2	-1	2	-1	-1	18	9	18	9	9	0	0	18	0	9	0	3675
4762	2	2	2	26	-2	-2	-2	-2	-2	-2	1384	35	55	7790	159	94	35	55	3895	159	94	60
3571	2	2	2	23	0	0	0	0	0	0	186	329	158	139	250	129	167	24	25	143	58	3
11905	1	1	1	51	1	2	2	0	0	0	5507	5616	5493	5605	5686	5797	234	0	239	211	210	214
3571	1	1	1	42	0	0	0	0	0	2	3250	3482	3515	3301	3491	3558	323	179	252	267	129	0
5238	2	2	2	30	1	2	0	0	0	0	134	128	153	178	195	2662	0	31	30	24	2473	103
3810	2	1	2	36	1	2	0	0	0	0	3902	2770	2823	2842	2906	2901	0	135	100	107	105	101
952	1	1	2	35	-2	-2	-2	-2	-2	-2	0	54	36	0	59	33	54	36	0	59	33	32
2857	2	3	2	37	-1	-1	-1	-1	-1	-1	18	38	18	18	18	18	38	18	18	18	18	18
1667	2	3	1	43	2	0	0	0	0	0	1097	955	943	739	653	397	40	40	30	24	12	24
8571	1	1	2	32	-2	-2	-2	-2	-2	-2	0	0	0	0	0	0	0	0	0	0	0	0
238	1	1	2	26	0	0	0	0	0	0	106	134	159	188	205	223	33	31	36	24	24	0
11905	2	1	2	44	-2	-2	-2	-2	-2	-2	0	124	95	0	87	181	124	95	0	87	181	64
4048	2	2	2	26	2	0	0	0	2	0	2647	2700	2757	2854	2788	2811	97	136	179	48	100	119
476	2	2	1	36	1	2	2	2	2	2	385	419	406	469	472	446	48	0	79	17	0	29
4762	1	1	1	41	-1	-1	-1	-1	-1	-1	14	14	14	14	14	14	14	14	14	14	14	17
2857	2	1	1	43	0	0	0	0	0	2	583	637	690	716	803	143	71	71	48	119	0	238
2143	2	3	1	47	0	0	0	0	0	0	2005	2067	2116	1956	538	524	95	105	85	183	24	24
1190	2	1	2	27	0	0	0	0	0	0	1057	1071	1108	1096	1158	992	48	71	57	72	119	0
3571	2	2	1	47	-1	-1	-1	-1	-1	2	8	8	8	0	19	8	8	8	0	26	0	0
476	2	1	2	24	0	0	0	2	0	0	460	478	464	449	453	427	34	86	0	17	107	45
3810	2	2	2	30	0	0	0	0	0	0	3239	2065	2048	2095	2076	2009	84	83	83	95	83	83
8571	2	1	2	50	-1	-1	-1	-1	-1	-1	275	280	0	68	41	0	280	0	68	41	0	265
2381	1	3	2	47	0	0	0	0	0	-2	2254	2312	2370	2444	0	0	95	95	119	0	0	0
3095	1	1	2	27	0	0	0	-2	-2	-2	1706	1139	0	0	0	0	48	0	0	0	0	0
2381	2	2	1	34	-1	2	2	-1	-1	-1	6	6	3	173	3	3	3	0	173	3	3	3
3333	2	2	2	31	-2	-2	-2	-2	-2	-2	9	0	0	0	0	0	0	0	0	0	0	0
1190	2	1	2	22	0	0	0	2	0	-1	85	109	183	287	89	2	26	76	0	48	2	699
1905	2	3	1	27	0	0	-1	0	0	0	431	165	639	554	497	419	25	650	34	10	10	5
3095	2	1	2	32	0	0	0	0	0	0	3002	3074	3113	3032	3043	2857	167	190	119	107	107	119
1429	2	2	1	36	0	0	0	0	0	-1	1427	1363	649	526	340	291	43	138	24	119	291	190
3333	1	2	2	48	0	0	2	2	2	0	2856	2975	2974	3088	2888	2889	203	112	225	0	119	238
1905	1	1	1	53	0	-1	0	0	0	2	227	1022	1003	729	771	756	1022	57	45	62	0	64
8333	2	2	2	33	0	0	0	0	0	0	6983	8054	4226	4342	4635	5120	1192	238	190	358	715	193
952	2	4	1	48	0	0	0	0	0	0	902	959	961	952	952	0	78	33	0	0	0	0
476	2	2	1	25	-1	2	0	0	0	0	470	456	464	403	283	228	0	29	0	119	24	0
4048	2	1	1	41	0	0	0	0	0	0	3943	3298	3242	1452	1416	1053	1905	113	48	49	42	248
7143	2	1	2	48	2	0	0	0	0	0	7239	7277	7278	6405	6553	6200	274	286	238	250	238	238
4524	1	2	1	37	2	-1	0	0	-1	2	59	191	230	0	121	56	191	48	0	121	0	66
2381	1	2	1	52	0	0	0	0	0	0	515	547	578	597	614	653	48	48	36	26	53	0
4762	2	1	2	35	0	0	0	0	0	0	2364	2089	1962	1997	1972	845	65	71	48	65	38	215
5714	2	2	1	42	-1	-1	-1	-1	-1	-1	15	0	8	15	0	8	0	8	15	0	8	23
2381	2	2	2	25	2	0	0	0	0	0	1688	1707	1670	1663	1660	1223	83	50	48	51	47	37
7381	2	2	2	27	1	2	0	0	2	0	4593	4488	4546	4829	4748	4853	0	167	357	0	190	190
9048	2	1	1	36	-2	-1	-1	-1	-1	2	89	484	202	1268	2415	823	488	204	1273	2423	3	770
1190	2	1	2	31	2	2	3	2	0	0	1164	1286	1245	1209	1144	1088	155	0	0	75	60	40
1667	2	2	1	38	0	0	0	0	0	0	1409	904	826	850	863	881	52	45	45	34	35	32
3571	2	1	1	47	-2	-2	-2	-2	-2	-2	932	364	306	298	127	50	366	307	299	127	50	63
1190	1	2	2	23	0	0	0	0	0	0	823	442	460	432	460	466	68	29	310	36	214	24
476	2	3	2	54	0	0	0	0	0	0	384	409	431	359	367	374	31	29	30	13	13	36
11667	2	2	2	35	0	0	0	0	-1	0	1145	1078	1112	979	481	154	71	119	119	481	71	28
4286	2	2	2	33	-1	-1	-1	0	-1	-1	150	43	28	26	16	2	43	28	0	16	2	211
6190	1	2	2	29	0	0	0	0	0	2	4526	4601	4346	4416	4714	7509	163	163	195	476	0	238
1190	2	1	2	25	0	0	0	0	0	2	1013	824	645	441	479	467	45	34	14	71	0	24
7857	2	3	2	31	-1	-1	-1	-1	-1	-1	130	729	151	144	52	0	729	151	144	134	0	4
15476	1	1	1	44	-2	-2	-2	-2	-2	-2	50	121	123	170	25	51	122	123	171	25	51	82
5476	1	1	1	41	1	-1	-1	-1	-1	-1	0	35	51	56	62	0	35	51	61	62	0	0
7619	2	2	1	47	-1	-1	2	-1	2	-1	242	899	371	934	677	598	907	0	939	0	598	842
4048	1	1	1	53	0	0	0	0	0	0	425	427	448	420	429	308	32	28	13	13	15	9
2857	2	3	2	50	0	-1	0	0	0	0	3560	2826	2858	2396	1896	1888	2976	97	95	71	71	71
6667	2	1	2	29	-1	-1	-1	-1	-1	-1	18	19	33	45	3	30	19	33	45	3	30	8
2381	2	2	2	27	2	3	3	2	2	3	2313	2325	2297	2309	2411	2427	69	31	71	130	48	0
16667	2	2	2	34	-2	-2	-2	-2	-2	-2	45	103	19	19	46	5	104	19	19	46	5	15
1190	1	2	2	29	0	0	0	0	0	-2	769	576	578	589	0	0	40	48	31	0	0	0
1667	2	2	2	23	-1	-1	-1	0	0	0	43	8	157	152	173	193	8	157	5	30	31	6
1190	1	2	2	25	0	-1	-1	-1	-1	-1	38	7	14	10	18	10	7	14	10	18	10	7
4762	2	1	1	32	0	0	0	0	0	-1	861	569	589	600	1622	229	219	167	357	238	238	238
6429	2	1	2	26	0	0	0	0	0	0	4980	4805	4429	4138	3796	3314	153	142	163	90	93	100
476	2	2	2	46	1	2	2	2	0	0	396	383	457	469	458	926	0	83	24	17	26	26
8571	1	2	1	37	1	-2	-2	-2	-2	-2	0	0	0	0	0	0	0	0	0	0	0	0
5476	2	1	1	39	1	-2	-2	-2	-2	-2	0	0	0	0	0	0	0	0	0	0	0	0
714	1	2	1	43	0	0	0	0	0	0	587	594	582	562	564	551	59	32	24	20	24	20
1667	1	3	2	26	0	0	2	0	0	0	1536	1649	1481	1495	1144	1169	141	0	55	41	48	48
4762	2	1	1	41	-1	-1	-1	-1	-1	-1	108	208	84	132	246	164	208	84	132	246	164	76
2857	2	1	2	28	-1	2	-1	-1	2	2	14	14	372	182	175	219	0	372	71	0	48	0
10714	1	1	1	33	-1	-1	-1	-1	-1	-1	9	9	9	9	9	24	9	9	9	9	24	19
476	1	3	2	45	1	-1	-1	-1	-1	-2	0	9	0	19	0	0	19	0	19	0	0	0
1190	2	2	2	33	0	0	0	0	0	0	298	387	427	383	406	453	95	48	24	48	57	24
476	1	2	1	42	0	0	0	0	0	0	336	360	392	438	447	457	30	38	60	24	17	21
5000	2	1	2	40	0	0	0	0	0	0	3813	3715	3580	3519	3475	3468	131	167	159	126	130	130
1429	2	2	1	47	2	2	2	2	0	0	638	693	715	689	699	708	81	48	0	36	31	83
1190	2	3	1	59	1	2	0	0	0	0	1071	1047	1071	1089	1113	1138	0	49	42	45	48	53
5000	1	1	2	30	-1	0	0	0	0	0	25	77	98	141	111	157	52	24	76	48	48	1190
6905	2	2	2	29	0	0	0	0	0	0	6308	6230	6267	6276	6185	4952	293	250	203	209	177	191
3571	1	2	1	39	0	0	0	2	2	2	1819	1877	2078	2026	2222	2185	99	252	0	231	0	79
1190	1	1	2	44	0	0	0	0	0	0	1294	1230	1197	1174	1123	1192	71	46	38	36	310	37
1905	2	1	2	40	0	0	0	0	0	0	653	664	677	560	181	80	44	33	32	5	6	1
2143	2	2	3	40	1	2	0	0	0	2	2137	2152	2082	1471	1625	1595	71	66	57	182	0	65
476	2	3	1	35	0	0	0	-1	-1	-1	405	427	439	167	0	24	36	24	171	0	24	48
2857	1	1	2	29	-2	-2	-2	-2	-2	-2	2841	2839	2871	1690	0	0	120	96	79	0	0	1619
11905	2	2	1	33	-1	-1	-1	-1	-1	-1	226	35	90	14	193	43	35	90	14	193	43	23
1190	1	1	2	36	2	2	0	0	0	0	1094	1069	972	799	1115	574	0	47	42	20	42	24
1905	1	2	2	30	0	0	0	0	0	0	1532	1567	1578	1602	1626	1710	70	60	60	60	119	71
4524	2	1	2	28	0	0	0	0	0	0	3374	3416	3499	3617	3656	3730	134	138	176	134	137	152
714	1	1	2	47	2	0	0	0	2	2	612	636	661	686	724	709	34	36	36	52	0	29
5000	1	2	1	31	-1	-1	2	-1	-1	-1	42	59	18	49	18	18	59	0	49	18	18	18
714	1	3	1	46	1	2	0	0	0	0	465	450	476	502	510	540	0	40	40	24	42	0
5714	2	1	2	33	-2	-2	-2	-2	-2	-2	0	0	0	0	0	0	0	0	0	0	0	0
1190	1	3	1	41	2	2	2	2	-2	-2	481	376	323	0	0	0	64	2	0	0	0	0
4762	2	1	1	55	0	0	0	0	0	0	2638	2653	2306	1837	1949	1858	90	101	63	139	66	70
5476	2	1	2	38	0	0	0	0	0	0	600	682	782	846	639	474	238	357	146	238	143	95
4048	2	2	1	33	0	0	0	0	0	0	4104	4121	4075	2890	2822	2888	156	150	91	85	94	95
2381	2	2	1	38	2	2	0	0	0	0	1208	1182	1203	1230	1258	1308	0	48	48	48	71	71
8571	1	2	2	44	0	0	0	0	0	0	4500	3687	2906	2842	2054	1990	144	120	120	72	56	71
9524	2	1	2	28	-1	0	-1	0	0	0	34	37	526	500	470	300	25	526	10	1	16	19
476	1	2	2	24	0	0	0	0	0	0	425	370	324	335	327	389	48	48	24	24	71	48
10714	2	2	1	43	-1	-1	-1	-1	-1	-1	34	143	248	145	187	340	143	248	145	187	340	493
5714	2	1	2	29	-1	-1	-1	-1	0	-1	36	17	17	437	658	17	17	17	437	238	17	17
5476	2	2	1	42	-1	-1	-1	-1	-1	-1	165	3	209	50	3	7	12	381	217	176	179	193
11905	2	2	1	41	-1	-1	-1	-1	-1	-1	582	4457	259	694	672	792	4457	260	694	672	792	4175
9286	1	1	1	41	0	0	0	0	0	0	11799	5924	5144	4961	4755	4436	243	191	168	144	192	133
7143	2	1	2	32	-2	-2	-2	-2	-2	-2	21	19	256	32	251	0	19	257	32	251	0	80
6905	2	2	1	29	2	2	0	0	0	0	1521	1483	1515	1534	1496	1522	0	71	57	58	58	58
714	2	2	2	21	-1	-1	0	0	-1	-1	7	288	269	85	39	31	476	26	0	41	34	0
714	2	1	2	24	0	0	0	0	0	0	419	437	461	470	483	496	31	31	17	21	24	15
3095	1	2	2	30	0	0	0	0	0	2	3138	3075	3148	3137	3143	3129	114	125	120	136	121	119
1190	1	3	2	35	0	0	0	0	0	0	918	950	999	1049	1076	1129	48	57	60	36	71	0
714	1	3	2	31	1	3	2	0	0	0	748	728	640	504	507	546	0	0	39	18	48	0
238	1	2	2	41	1	2	2	2	2	2	208	228	221	241	248	241	28	0	24	14	0	5
7857	2	3	1	40	0	0	0	0	0	0	1931	1972	2011	1927	1966	2008	74	72	71	71	73	77
6667	1	2	2	42	-1	0	-1	0	0	0	543	552	1954	1468	1068	710	27	1959	36	24	25	310
1190	2	2	1	23	0	0	0	0	0	0	965	979	676	689	693	698	48	36	34	24	25	28
476	1	2	2	30	0	0	0	0	0	0	454	469	475	474	465	474	31	33	28	19	19	0
2143	2	2	1	35	0	0	0	0	0	2	1717	1758	1798	1841	2044	2102	83	83	87	238	95	0
6905	2	1	1	52	-1	-1	-1	0	0	-1	804	64	11	2856	2850	233	64	11	2850	0	233	57
2143	2	2	2	32	-2	-2	-2	-2	-2	-2	14	0	0	0	0	0	4	0	0	0	0	0
1667	1	1	2	27	0	0	-2	-2	-2	-1	53	0	0	0	0	35	0	0	0	0	35	0
2381	2	1	1	34	1	-2	-2	-2	-2	-1	0	0	0	0	0	8	0	0	0	0	8	4
1190	2	1	2	35	0	0	0	2	0	0	731	709	742	717	714	705	38	102	0	26	36	36
238	1	2	1	41	-2	-2	-2	-2	-2	-2	79	172	95	0	221	88	172	95	0	221	88	0
1190	2	3	2	46	0	0	0	0	0	0	861	358	367	389	376	350	38	31	48	14	24	17
4048	2	1	2	28	0	0	0	0	0	0	1352	1424	1476	1520	1578	1624	95	87	83	83	71	71
6905	2	3	1	43	-1	-1	-1	-1	-1	-1	47	9	9	9	9	19	9	9	9	9	19	14
5476	2	1	1	66	1	-2	-2	-2	-2	-2	0	0	0	0	0	0	0	0	0	0	0	3
4762	1	2	2	36	0	0	0	0	0	0	4175	3594	3663	3724	3793	3823	595	136	133	143	138	147
5238	2	2	2	29	0	0	0	0	0	0	3133	3160	3226	3328	3360	3709	114	117	155	122	405	0
3810	2	2	1	28	0	0	0	0	0	0	144	168	188	192	196	204	30	27	7	7	11	7
1905	1	1	1	41	3	2	2	2	2	0	187	209	202	218	211	219	29	0	19	0	12	21
5238	1	3	1	30	0	0	0	0	2	0	3860	4062	4142	4358	4319	4145	238	119	253	1	125	101
3333	1	3	1	42	0	0	0	0	0	0	3285	3361	3410	1466	1682	1732	167	145	119	238	119	119
3333	2	2	2	33	-1	-1	-1	-1	-1	-1	8	8	329	8	8	8	8	329	8	8	8	8
7143	2	1	2	29	-2	-1	-1	0	0	0	604	430	506	875	883	594	506	548	834	595	571	571
4762	1	3	1	29	-1	-1	-1	-1	-1	-1	368	1110	546	198	23	102	1112	547	199	23	102	518
476	1	2	2	25	0	0	0	0	0	2	357	381	406	434	461	451	30	31	36	34	0	16
7619	1	2	2	32	1	2	2	2	2	2	2719	2750	2601	2659	2644	2524	119	0	167	96	1	120
10000	2	2	2	37	0	0	0	0	0	0	353	390	422	448	484	597	43	38	40	60	121	36
2619	1	3	2	63	1	2	0	0	0	0	1190	1165	1188	1116	1127	1028	0	52	41	43	37	38
2143	1	2	1	27	0	0	0	0	0	0	1678	1681	1546	1427	1286	1147	61	56	39	38	33	15
1190	2	1	1	29	0	0	0	0	0	0	708	732	760	788	808	838	43	48	48	36	48	36
1190	1	2	1	36	0	0	0	0	0	0	1133	1156	1183	1171	237	239	48	52	27	12	12	9
3571	1	2	1	32	0	0	0	0	0	0	3365	3464	3486	3401	3476	3112	238	167	95	192	95	78
6190	1	3	1	39	0	0	0	0	0	0	726	750	753	524	525	549	45	33	39	25	48	10
476	1	2	2	29	0	0	0	0	0	0	315	339	371	388	406	430	29	38	31	24	33	0
8571	2	2	2	31	0	-1	-1	-1	-2	-2	81	142	32	39	104	114	142	32	39	104	114	969
4286	2	2	1	24	0	0	-2	-1	-1	-2	149	0	0	24	52	0	0	0	24	52	0	9
952	2	2	1	28	2	2	3	2	2	2	741	805	786	766	824	808	83	0	0	71	0	48
7143	2	1	1	26	-1	-1	0	0	-1	-1	46	62	81	45	26	13	62	46	0	26	13	2
476	2	2	2	24	0	0	0	0	0	0	322	354	371	395	406	816	37	30	30	18	15	32
714	2	2	2	33	0	0	0	0	0	0	722	713	668	709	660	642	72	48	71	71	48	48
1190	1	1	2	29	1	2	2	2	2	2	141	135	191	184	197	190	0	62	0	19	0	19
476	1	2	1	59	3	2	3	3	2	2	143	185	202	195	189	206	48	24	0	0	24	0
11905	1	1	1	35	0	0	0	0	2	0	3425	2807	2400	2493	2418	2194	115	121	172	0	68	29
4762	1	1	1	37	-1	-1	-1	-1	-1	-1	96	107	0	27	32	45	108	0	27	32	45	0
1667	1	1	1	39	0	0	0	0	0	0	1607	1637	1409	1147	1100	1153	74	171	238	40	71	32
3810	2	3	2	26	0	0	0	0	-2	-2	58	83	106	0	0	0	26	25	0	0	0	2321
714	1	1	2	28	0	0	0	0	2	0	250	274	298	329	320	335	29	29	36	0	24	36
6429	2	2	1	50	0	0	0	0	0	0	543	594	632	661	698	730	60	48	48	48	48	48
1190	1	1	2	23	-1	-1	-1	-2	-2	-2	73	86	0	0	0	0	86	0	0	0	0	0
1905	2	2	1	42	0	0	0	0	-2	-2	1117	756	381	0	0	0	42	24	0	0	0	0
2143	2	1	2	24	0	0	0	-2	-2	-2	1854	1819	0	0	0	0	78	0	0	0	0	0
3095	1	1	1	42	0	0	0	0	0	0	571	552	450	475	1952	1909	31	40	48	1500	69	71
476	1	3	1	56	0	0	2	0	0	0	339	383	338	350	329	343	50	24	24	17	24	12
1190	1	2	2	31	1	2	0	0	2	0	1158	1073	1136	466	456	477	0	102	51	0	29	24
6429	2	3	1	37	-1	-1	-1	-1	-1	-1	9	52	4	0	4	0	52	4	0	4	0	10
1190	1	3	2	57	-1	-1	-1	-1	-1	-1	9	41	9	9	9	9	41	9	9	9	9	13
7381	2	3	1	43	0	0	0	0	0	0	166	174	169	134	140	134	27	30	25	24	12	12
1429	2	3	1	38	0	0	0	0	-1	-1	633	591	548	308	9	17	44	29	6	9	17	324
6190	2	2	2	40	0	0	0	0	0	0	5752	5824	3026	0	2964	3059	310	155	0	2964	143	155
5476	1	2	2	32	0	0	0	0	0	0	1181	1034	993	906	805	725	49	40	25	24	22	7
14286	2	3	1	46	-1	-1	-1	-1	-1	-1	546	272	559	735	412	238	272	560	742	413	238	238
2857	1	3	1	47	0	0	0	0	0	0	1709	1745	1798	1851	1873	1914	64	81	83	67	71	71
7143	2	1	1	33	-1	-1	-1	-1	-1	0	93	95	34	127	162	70	95	34	127	162	3	41
476	1	2	2	21	0	0	2	0	0	-2	459	500	481	476	0	0	119	0	0	0	0	0
6190	2	1	2	36	-1	-1	-1	-1	-1	-1	184	34	19	19	20	293	34	19	19	20	293	180
476	1	2	2	21	0	0	-1	0	0	0	470	426	457	456	447	458	24	626	16	16	18	20
4286	2	4	1	44	0	0	-1	-1	-1	-1	498	0	20	0	164	246	0	20	0	164	246	4
4762	2	1	2	30	0	0	0	0	0	0	4687	4502	4363	3515	3526	2381	214	167	131	143	100	86
4762	1	4	1	66	0	0	0	0	0	0	3428	2434	1304	1330	1341	1366	114	61	62	48	53	50
1190	1	1	2	29	2	2	2	2	2	2	595	579	633	616	659	673	0	64	0	53	29	0
476	2	2	1	46	1	2	0	0	0	0	316	304	329	355	358	387	0	38	38	17	38	39
7143	2	1	2	44	-2	-2	-2	-1	0	-1	233	7	0	19	19	4	7	0	19	0	4	0
1190	2	2	1	37	0	0	0	0	0	0	1119	1148	1174	674	690	704	48	48	29	26	25	24
3571	2	2	1	44	-2	-2	-2	-2	-2	-2	7	189	80	42	0	0	194	435	42	0	0	0
5952	2	4	1	27	0	0	0	0	0	0	3043	1444	1171	811	796	808	89	38	48	24	26	21
3095	1	2	2	28	0	0	0	0	0	0	2108	1777	1813	1849	1890	1906	64	65	66	70	69	71
11667	1	3	1	45	0	0	2	0	0	0	1340	1359	1324	1310	1237	1443	190	0	119	71	238	71
3333	2	1	2	25	2	0	0	0	0	0	634	687	811	859	952	1082	71	143	71	119	143	119
4286	1	2	1	41	-1	-1	-1	-1	-1	-1	20	43	32	9	43	44	43	32	9	43	44	9
4286	2	3	2	30	0	0	0	0	0	0	2521	2149	1480	1351	1260	497	119	83	24	34	24	12
9524	1	2	2	29	1	2	0	0	0	0	502	470	454	361	359	304	0	36	24	24	48	48
2381	2	2	1	43	0	0	0	0	0	0	2356	1793	1858	1158	1309	1364	95	119	71	214	95	119
2381	2	2	2	31	0	0	0	0	0	0	772	814	869	879	901	916	61	69	31	36	33	34
3333	1	3	1	56	2	0	0	0	0	0	2154	2218	2247	2283	2181	2223	100	86	78	79	78	77
5476	2	1	2	33	-1	-1	-1	-1	0	0	12	0	8	23	23	34	0	8	23	0	36	104
1190	1	2	2	23	0	0	0	0	0	0	265	325	356	386	394	408	71	44	43	21	24	24
3333	1	1	1	49	2	0	0	0	0	0	3241	2341	1444	947	953	973	113	86	36	31	31	31
714	1	2	1	39	0	0	0	0	0	0	682	694	502	411	378	227	48	57	29	8	5	0
1190	1	2	2	26	2	2	2	2	2	2	785	813	793	839	823	879	48	0	67	0	74	0
5952	2	1	2	31	-1	0	0	0	0	-1	868	718	579	314	159	224	119	31	24	3	224	461
1190	1	2	2	33	0	0	0	0	0	0	551	671	729	720	438	409	131	76	83	76	60	71
714	2	2	2	25	-1	2	2	0	0	0	106	137	131	149	182	203	36	0	24	36	24	19
5000	2	2	2	30	0	0	2	2	2	0	2135	2239	2024	2161	2005	1671	179	2	238	0	71	48
6190	2	1	2	27	0	0	0	0	0	0	361	556	526	452	468	530	286	190	24	24	119	119
1667	2	2	1	44	0	0	0	0	0	0	1635	1656	1697	1684	1209	1205	61	69	151	48	47	47
4286	2	3	2	42	0	0	0	0	0	0	2448	2444	1973	1859	1748	2573	119	119	119	119	1012	71
5952	2	1	2	28	0	0	0	0	0	0	2782	2612	2417	2197	1702	1852	119	119	71	71	274	238
1190	1	2	2	31	2	0	0	0	-1	-1	1186	682	702	96	24	0	48	36	24	24	0	0
1905	2	2	2	26	0	0	0	0	0	0	839	910	919	966	975	1008	95	128	71	35	48	40
7381	2	1	1	33	-2	-2	-2	-2	-2	-2	3	21	0	0	0	0	21	0	0	0	0	0
4048	1	1	1	35	-1	-1	-1	-1	-1	-1	11	8	13	13	15	18	8	13	13	15	18	13
11905	2	1	2	34	0	0	0	0	0	0	2844	3413	3793	6254	7335	9525	619	476	2540	1190	2381	4762
1667	2	2	2	24	0	-1	0	0	0	-1	167	38	671	690	709	645	47	667	30	36	696	24
1905	2	2	1	40	0	0	0	0	0	0	884	912	498	514	525	536	49	39	32	19	19	20
8571	2	1	2	49	1	-2	-2	-2	-2	-2	0	0	0	0	0	0	0	0	0	0	0	0
1190	1	3	2	37	-1	0	0	0	0	0	482	1209	1270	1087	480	504	1084	83	34	48	31	18
2381	2	1	2	26	1	-1	-1	-1	-1	-1	0	15	0	8	15	0	15	0	8	15	0	8
3333	1	3	1	39	0	0	0	0	0	0	3293	3383	3239	3274	2113	2129	144	152	154	77	75	75
1429	2	2	2	22	1	2	2	0	0	0	1241	1255	1141	699	670	662	48	0	24	24	24	27
6429	2	3	1	35	0	0	0	-2	-1	0	1434	1468	0	6	3887	3891	71	0	6	3881	141	114
1667	2	1	2	25	0	0	0	0	0	0	666	584	608	618	354	355	33	43	29	12	16	13
4048	2	1	1	35	2	2	2	2	2	2	3141	3171	3136	3313	3357	3433	114	48	262	131	131	129
714	2	1	2	30	0	0	0	0	0	0	780	805	746	771	789	810	38	48	36	29	32	60
7143	2	1	2	48	-2	-2	-2	-2	-2	-2	0	0	0	0	0	0	0	0	0	0	0	0
10476	2	2	1	32	2	0	0	0	0	0	8081	7725	7717	6856	6855	6593	274	265	245	264	267	286
1190	1	2	2	25	0	0	0	0	0	0	1042	928	829	440	469	427	43	40	30	36	15	17
952	1	2	2	24	4	3	2	3	2	2	913	891	925	932	938	974	0	56	29	29	55	33
1190	2	2	1	38	0	-1	-1	-1	-1	-1	29	29	29	29	42	25	29	29	29	42	25	4
714	2	2	2	30	0	0	2	0	0	0	395	452	438	525	564	608	71	0	95	48	54	36
476	2	2	2	22	0	0	0	0	0	0	485	477	683	352	433	485	36	31	26	88	60	14
5476	2	1	2	27	0	0	0	0	0	0	2505	2568	2623	1432	1477	1525	103	108	56	72	72	74
3333	1	3	1	45	-1	-1	-2	-2	-2	-2	37	0	0	0	0	0	0	0	0	0	0	0
7381	2	2	1	42	-2	-2	-2	-2	-2	-2	68	110	50	336	50	53	187	50	336	50	53	43
6667	2	2	2	33	-2	-2	-1	0	0	-1	4	88	41	41	41	20	88	41	0	40	24	524
11190	1	1	2	30	-2	-2	-2	-2	-2	-2	235	78	122	220	102	238	79	122	222	103	239	182
2857	2	3	1	39	2	2	2	2	4	3	1177	1226	1276	1388	1361	1332	83	83	148	9	0	50
1190	1	2	2	36	0	0	2	0	0	0	405	432	412	393	421	424	71	24	24	48	24	48
1190	2	1	2	28	0	0	0	0	0	2	1160	1149	937	241	242	236	57	48	11	18	0	4
5238	2	3	2	40	0	0	0	2	0	0	4694	3958	4252	4151	4274	4394	155	357	0	190	190	357
1905	2	1	2	34	-1	-1	-1	2	0	0	829	664	400	298	287	30	664	298	0	0	0	17
714	2	3	2	43	2	2	2	2	3	2	322	321	357	375	362	353	12	48	31	0	0	33
714	2	3	1	38	-2	-2	-2	-2	-2	-2	37	20	213	128	0	48	20	213	130	0	48	0
714	2	4	1	33	0	0	0	0	0	0	597	601	626	630	635	671	33	44	33	24	56	24
1190	2	2	2	25	0	0	0	-1	0	-1	105	89	0	101	116	51	71	0	101	49	51	0
8333	2	3	1	36	0	0	2	0	0	0	6089	6551	6213	6221	6085	6070	786	0	262	219	202	198
8571	2	1	1	39	-1	-1	-1	-1	-1	-1	510	741	427	459	641	454	741	427	463	641	454	182
5000	1	1	1	39	-1	-1	2	2	-1	2	81	18	11	3	19	8	24	0	0	24	0	15
3333	1	3	2	26	0	0	0	0	0	0	444	466	331	338	314	309	31	27	10	10	19	0
1190	1	2	1	33	0	0	0	0	0	0	1188	1196	630	733	257	262	48	48	119	24	24	0
1905	2	1	2	34	-1	2	-1	-1	-1	-1	16	8	8	8	8	8	0	8	8	8	8	8
3333	2	1	2	31	-1	2	-1	-1	-1	-1	16	8	8	8	11	8	0	8	8	11	8	8
476	1	2	2	34	0	0	0	0	0	0	876	412	386	418	383	494	76	48	38	21	124	7
476	1	3	2	35	0	0	0	0	0	0	404	405	367	331	276	272	40	38	48	24	36	24
6190	2	2	2	30	-1	-1	-1	-1	-1	-1	4	4	7	4	8	4	4	7	4	8	4	7
1905	1	2	2	36	-2	-2	-2	-2	-2	-2	1410	625	247	1782	1769	0	27	255	1782	35	0	0
2381	2	1	2	25	1	-1	-1	-1	-1	-2	0	83	0	24	0	0	83	0	24	0	0	0
8571	1	1	2	31	1	-1	-1	-1	-1	-2	0	23	90	18	0	0	23	90	18	0	0	0
1905	2	3	2	43	0	0	0	0	0	0	1824	1863	1867	1178	1204	1088	74	74	40	42	40	71
4048	2	3	2	46	-1	-1	-1	-1	-1	-1	47	25	4	66	74	12	25	4	66	74	12	5
1429	2	3	1	48	0	0	0	0	0	0	1396	1406	1271	891	894	844	60	48	45	36	31	31
714	2	2	2	24	0	0	0	0	0	0	633	645	637	647	648	648	36	34	34	24	24	48
2381	1	2	1	24	1	2	2	2	2	2	315	320	324	350	357	364	17	17	31	17	17	0
4762	1	2	1	28	2	2	7	7	7	7	58	58	58	58	58	58	0	0	0	0	0	0
1190	2	2	2	47	0	0	0	0	0	0	936	968	994	1095	1025	1023	48	42	119	36	37	71
3095	2	3	1	49	0	0	0	0	0	0	2588	2571	2091	1123	1146	1172	143	108	52	48	48	48
2857	1	3	1	49	0	-1	-1	-1	-1	-1	2844	92	55	19	195	110	92	55	19	195	110	26
1429	2	4	2	22	0	0	0	0	0	0	1455	1459	1327	711	681	690	71	71	48	36	36	48
5952	2	2	1	39	-1	-1	-1	-1	-1	-1	231	0	29	175	0	66	0	29	176	0	66	37
11905	1	2	1	33	0	0	0	0	0	0	2115	2159	2015	2142	1913	1838	144	119	239	60	72	346
1905	1	2	2	25	1	2	2	2	0	0	1947	1895	1123	1079	1102	1127	0	87	0	40	44	44
3333	2	2	1	45	0	0	0	2	2	2	1320	1370	1452	1461	1506	1537	71	119	48	71	60	0
2143	2	2	2	31	0	0	0	0	2	2	530	558	582	636	618	642	44	34	63	0	33	48
2143	2	2	1	43	-2	-2	-2	-2	-2	-2	178	138	360	0	0	0	139	360	0	0	0	0
4048	2	2	1	37	2	0	0	2	2	2	3224	3299	3528	3566	3506	3734	162	321	131	0	286	0
8095	2	2	1	33	-2	-1	0	-1	0	0	39	74	1050	745	414	516	48	947	1032	119	238	240
3810	2	1	2	28	-2	-2	-2	-2	-2	-2	8	38	55	43	24	34	38	57	43	24	34	0
2381	2	2	1	58	0	0	0	0	0	0	2411	2416	2259	2412	2416	2365	87	101	238	85	119	98
4048	1	2	2	27	-1	-1	-1	-1	0	0	17	4	11	34	14	7	4	24	34	7	0	7
2857	2	2	1	39	-1	-1	-1	-1	-1	-1	8	8	8	0	15	8	8	8	0	15	8	0
4762	1	1	2	30	-2	-2	-2	-2	-2	-2	0	0	0	0	0	0	0	0	0	0	0	0
4286	2	1	1	42	1	-1	-1	-2	-2	-2	0	31	0	0	29	0	31	0	0	29	0	0
476	1	2	2	26	1	3	2	2	2	2	407	417	403	467	444	453	24	0	79	0	29	17
3571	2	2	1	31	2	0	0	0	0	0	2415	2477	2577	2604	2650	2985	92	131	95	77	369	95
5000	1	1	2	30	-1	-1	-1	0	-1	-1	11	13	44	22	22	24	25	53	0	22	24	24
4762	2	1	1	38	-1	-1	2	2	2	-1	42	32	6	173	63	243	32	0	167	0	250	83
1190	1	3	1	42	0	0	0	0	0	0	1139	1173	1199	224	229	233	52	55	8	8	9	8
714	1	2	2	31	0	0	0	0	0	0	638	675	2054	675	680	557	48	38	14	24	11	0
3810	2	2	1	43	-1	-1	-1	-1	-1	-1	134	6	12	374	12	12	6	12	374	12	12	12
2381	2	3	2	56	0	0	0	0	0	0	1668	1618	1086	947	788	816	52	36	31	29	71	48
4762	2	3	2	33	1	2	2	2	2	2	1238	1215	1303	1320	1336	1360	0	119	48	48	45	52
7381	2	2	1	32	0	0	0	0	0	0	1750	1820	1875	1919	1963	2006	95	95	71	71	71	119
4762	2	1	2	31	-1	-1	-1	-1	-1	-1	99	19	29	9	9	9	19	29	9	9	9	9
7857	2	3	1	50	-1	-1	-2	-2	-2	-1	49	0	0	0	0	8	0	0	0	0	8	0
1190	1	2	1	39	2	2	2	2	2	2	749	730	792	772	823	845	0	81	0	64	38	36
1190	2	2	2	32	0	0	0	0	0	0	298	324	347	370	380	394	38	36	36	24	24	24
11429	2	3	1	39	-2	-2	-1	-1	-1	0	1222	1777	1603	474	563	300	1748	488	1	564	1	252
8571	1	2	1	36	0	0	-1	-1	-1	-1	484	302	45	56	100	140	29	45	56	100	140	0
2857	2	1	2	30	-1	-1	-1	-1	-1	-1	8	8	8	8	8	179	8	8	8	8	179	8
6905	2	1	1	39	-1	-1	-1	-1	-1	-1	6	6	6	6	6	6	6	6	6	6	6	6
4048	2	2	1	31	-1	0	0	0	0	-2	1444	1523	1478	1500	0	0	119	119	95	0	0	79
5476	2	1	1	43	-2	-2	-2	-1	0	0	0	0	5	1048	557	310	0	5	1048	1	310	624
3571	2	1	1	34	-1	-1	-1	-1	-1	-1	74	74	74	69	69	69	74	74	69	69	69	74
7143	2	2	2	39	0	0	-2	-2	-2	-2	200	8	8	8	8	8	8	8	8	8	8	47
4762	1	1	2	31	0	0	0	0	0	0	158	161	189	111	1814	1783	45	72	83	1738	64	90
1905	2	2	2	24	0	0	2	2	2	2	1676	1807	1826	1781	1896	1851	158	63	0	143	0	71
8571	2	2	1	33	0	0	0	-2	-2	-2	276	280	0	0	0	0	25	0	0	0	0	0
5238	2	2	2	26	0	0	0	0	0	-1	1362	3826	5011	1765	43	2281	2566	1299	35	43	2239	61
3095	2	2	1	45	0	0	0	0	0	2	3064	3093	3039	3032	3065	3073	167	112	107	224	86	131
10000	1	2	1	37	0	0	0	0	0	0	9887	9801	9247	9286	9482	9753	401	370	333	345	429	303
1190	1	2	3	37	0	0	0	0	0	0	1067	1042	1027	1043	986	1013	48	49	41	36	43	40
8333	1	2	2	32	0	0	0	0	0	0	5429	5249	4528	4587	4697	4794	214	207	167	181	186	202
3333	2	1	2	29	-1	-1	-1	-2	-2	-2	356	69	0	0	0	0	69	0	0	0	0	0
1190	2	1	2	25	0	0	0	0	0	0	1192	1114	1146	1147	462	462	42	60	42	48	17	24
8571	1	1	2	28	-1	-1	-1	0	0	-1	29	20	1539	3000	2538	2989	9	1803	1489	405	3148	3976
6667	2	1	2	35	0	-1	-1	-1	-1	-1	240	927	177	116	55	212	952	192	119	57	214	183
714	2	2	2	24	1	2	2	2	2	2	600	583	654	665	647	681	0	81	29	0	60	24
3810	2	1	2	27	0	0	0	2	2	0	2318	2676	2834	2486	1499	1269	476	238	72	0	71	48
1190	1	3	1	45	0	-1	-1	-2	-2	-2	127	28	0	0	0	0	28	7	0	0	0	0
714	1	2	2	27	0	0	0	0	0	0	248	272	296	298	305	307	36	36	14	15	11	11
2619	1	3	1	51	-1	-1	-1	0	0	0	51	46	647	636	601	566	46	647	48	19	19	22
476	2	3	3	55	1	2	3	2	2	2	442	485	470	455	490	478	57	0	0	42	0	14
1667	2	1	2	27	0	0	2	0	0	0	1720	1621	1563	1574	1575	1628	143	0	71	60	98	98
3333	1	2	2	29	0	0	0	0	-2	-2	3158	1314	1333	0	0	0	119	48	0	0	0	0
3571	2	1	2	28	0	0	0	0	0	0	305	327	349	288	300	362	38	36	38	24	71	52
2143	2	3	1	46	-2	-2	-2	-2	-2	-2	8	256	253	8	8	8	256	253	8	8	8	8
476	1	2	1	35	0	0	0	0	0	-1	419	472	269	88	107	39	72	24	24	71	39	0
4762	2	2	1	44	1	2	2	2	0	0	64	59	153	148	125	167	0	95	0	48	48	48
3095	2	2	1	37	0	0	0	0	0	0	91	207	249	240	299	299	119	48	0	60	0	0
6190	1	1	1	53	1	-2	-2	-1	-1	2	0	24	0	46	102	4	24	0	46	102	0	4
8095	2	2	1	40	0	0	0	0	0	0	5820	5498	5447	5462	3846	3927	238	238	169	138	141	145
11190	1	1	1	38	0	0	0	0	0	0	792	816	915	4709	4827	1119	44	119	3870	138	40	47
2857	1	3	1	47	-1	-1	-1	-1	-1	-1	25	16	7	25	7	16	16	7	25	7	16	25
10000	1	2	2	30	0	0	0	0	0	0	2915	2693	2133	1993	1318	1293	115	98	75	48	75	72
8095	2	1	2	35	-1	-1	0	0	0	0	12	379	1068	999	1929	916	379	714	476	1190	476	238
476	1	2	2	49	2	0	0	0	0	0	186	207	231	236	241	251	27	28	8	9	14	14
5000	2	1	1	26	1	2	-1	-1	-1	2	133	64	89	119	134	86	0	97	119	134	0	32
11905	1	1	2	27	0	0	0	0	0	0	4862	4801	4704	4574	4470	4378	177	151	126	126	138	120
1190	2	4	1	45	0	0	0	0	0	0	1166	1188	1120	695	646	679	48	36	48	48	48	36
5476	2	1	1	34	2	2	2	2	2	2	4432	4542	4660	4731	4801	4904	214	221	179	179	179	179
1190	1	1	2	23	-1	-1	-1	-1	-1	-1	23	81	25	33	67	88	83	262	48	48	152	71
2857	1	1	2	27	0	0	2	0	0	0	1807	1856	1890	1937	1960	2008	93	79	93	76	83	83
6190	2	2	1	38	0	0	0	0	0	0	4551	4631	4532	4445	4233	3947	199	171	155	143	143	152
1190	2	2	1	50	0	0	0	0	0	0	212	219	244	255	256	276	29	29	24	24	24	24
2381	2	2	1	33	0	0	0	0	0	0	2195	2115	2137	1857	1691	1595	77	77	66	45	46	52
5714	1	2	2	38	0	0	0	0	0	0	3989	4014	4109	3456	3360	3030	200	238	179	133	131	110
11905	2	1	2	34	-1	-1	-1	-1	0	-1	111	147	114	743	139	87	147	114	743	0	98	176
4762	2	1	2	28	-1	-1	-1	-1	-1	-1	143	86	63	41	39	310	86	63	41	39	310	11
4762	1	1	1	49	1	-1	-1	-1	-1	-1	0	12	0	12	8	17	12	0	12	8	17	127
3571	2	1	1	30	0	0	-2	-2	-2	-2	147	0	0	0	0	0	0	0	0	0	0	626
3810	1	2	1	32	0	0	0	0	0	0	2218	2268	2316	2352	2405	2457	107	107	95	95	95	95
3571	2	2	2	38	-1	-1	-2	-2	-2	-2	30	0	0	0	0	0	0	0	0	0	0	0
2381	2	3	1	28	-2	-2	-2	-2	-2	-2	75	164	10	10	10	10	164	10	10	10	10	29
9048	1	2	1	38	-2	-2	-2	-1	-1	-2	0	0	24	50	0	97	0	24	50	0	97	238
3571	2	1	2	34	-2	-2	-2	-2	-2	-2	29	258	210	402	410	477	286	119	402	429	477	1227
476	2	3	3	32	0	0	0	-2	-2	-1	463	492	0	0	0	24	48	0	0	0	24	0
6667	1	1	2	47	-2	-2	-2	-2	-2	-2	52	6	101	24	131	127	6	101	24	131	127	10
476	1	2	2	54	0	0	0	0	0	0	898	292	214	210	242	279	29	29	38	36	40	24
2143	2	2	2	24	0	0	-2	-2	-2	-2	576	0	0	0	0	0	0	0	0	0	0	0
238	1	2	2	23	0	0	0	0	0	0	239	233	239	157	160	94	48	36	24	51	2	0
476	2	3	2	27	0	0	0	0	0	0	483	483	481	471	479	461	36	33	48	71	24	24
1190	2	2	2	29	0	0	0	0	0	0	581	559	538	337	257	214	95	119	95	71	24	71
4762	2	1	1	32	0	0	0	0	0	0	2421	2389	3613	3508	1427	933	95	1427	143	48	48	48
1429	2	2	2	24	-1	0	-1	0	0	0	237	183	226	243	238	282	24	226	24	5	44	140
5238	2	3	1	38	0	0	0	0	0	0	2872	2657	2361	2344	2172	2240	114	110	83	95	100	81
1429	2	3	1	47	0	0	0	0	0	0	1407	550	422	242	221	53	33	24	5	4	8	428
1190	1	1	2	28	0	0	-1	-1	-1	-2	554	383	474	265	0	0	124	474	265	0	0	0
4762	1	3	2	40	-1	-1	-1	-1	-1	-1	8	8	8	8	8	8	8	8	8	8	8	8
3095	2	2	2	27	1	-2	-2	-2	-2	-2	0	0	0	0	0	0	0	0	0	0	0	0
714	1	2	1	27	4	4	3	2	2	3	258	251	243	236	272	261	0	0	0	40	0	0
6190	2	2	1	45	-1	-1	-1	-1	-1	-1	188	141	133	130	141	142	141	133	131	141	142	137
714	1	3	2	46	6	5	4	3	2	0	789	770	748	722	714	690	0	0	0	0	119	0
4762	2	2	2	32	0	0	0	0	0	0	3930	4069	4431	4480	3362	3434	238	476	143	126	131	110
1190	2	3	2	22	0	0	0	0	0	0	1112	1139	1161	1122	938	950	45	44	46	31	35	28
6190	2	1	2	36	-1	-1	-1	0	0	0	123	0	366	502	659	767	0	366	238	167	119	119
9762	2	1	1	46	-2	-2	-2	-2	-2	-2	0	0	0	0	0	0	0	0	0	0	0	0
2143	2	1	2	29	-2	-2	-2	-2	-2	-2	41	60	82	82	70	52	60	82	82	70	52	74
2381	2	2	1	48	0	0	0	0	0	0	2596	2310	1928	1732	1599	1631	87	90	119	119	71	71
7143	1	2	2	35	0	0	0	0	0	0	6584	4926	4045	4060	3624	2416	632	238	217	244	121	91
1905	2	2	1	25	0	0	0	0	0	0	1818	1844	1763	1747	1356	1408	71	71	64	48	119	52
2857	2	2	1	36	2	2	0	0	2	2	2808	2729	2752	2821	2772	2792	0	105	214	0	214	105
714	2	1	2	41	0	0	0	0	0	0	532	628	692	700	711	698	210	96	48	119	143	143
5000	2	1	2	31	-2	-2	-2	-2	-2	-2	5	9	14	9	9	9	9	14	9	9	9	9
3095	2	1	2	29	-1	-1	-1	-1	-1	-1	10	10	5	15	10	352	10	5	20	10	352	10
1190	1	1	2	39	0	0	0	0	0	0	1123	1142	1158	1210	733	378	43	48	71	48	48	48
714	2	2	2	22	0	0	2	0	0	0	648	690	663	654	580	505	86	0	33	12	10	0
8095	2	1	2	30	-1	-1	-1	-1	-1	-1	70	80	89	43	32	254	80	90	43	32	255	21
3333	2	3	2	24	0	0	0	0	0	0	3013	2974	2648	1803	1649	1395	117	93	110	95	71	95
2381	1	2	1	30	0	0	0	0	0	0	1381	1430	1522	1620	1649	1336	71	119	126	71	157	0
1190	2	1	2	29	2	0	0	2	0	0	1201	1151	1217	1146	462	458	50	117	0	71	60	24
714	2	2	1	26	2	2	2	2	2	2	737	730	711	728	664	698	49	0	55	0	57	0
714	1	3	2	49	0	-1	-1	0	-1	-1	380	6	415	402	696	271	6	486	20	696	17	0
1190	2	2	2	25	1	2	2	2	2	2	327	362	350	384	375	412	48	0	48	0	48	0
4762	2	2	1	47	-2	-2	-2	-2	-2	-2	210	0	137	0	53	1571	0	137	39	53	1571	714
6190	1	2	1	38	-1	-1	-1	-1	-1	-1	427	136	683	29	63	34	136	686	31	64	34	62
11429	2	2	1	45	-1	-1	-1	-1	-1	-1	29	531	145	141	13	31	531	145	141	13	31	35
9524	2	2	2	38	-2	-2	-2	-2	-1	0	0	0	0	0	1080	1103	0	0	0	1080	26	27
1190	2	3	1	36	0	0	0	0	0	0	1058	839	894	424	328	334	60	262	14	12	12	12
2381	2	3	2	53	0	0	0	0	0	0	2417	711	741	1396	1416	1445	37	42	693	54	56	55
5000	1	1	2	28	1	-2	-2	-2	-2	-2	0	0	0	0	0	0	0	0	0	0	0	0
2619	2	2	1	24	0	0	0	0	0	2	1016	1041	1036	1036	1095	1054	62	40	36	95	0	71
2381	1	2	1	35	4	4	3	2	2	2	1961	1956	1984	1938	1993	2097	40	74	0	90	140	76
1190	2	1	2	24	0	0	0	0	0	0	1190	1182	1150	721	723	687	47	41	25	25	25	24
7381	2	2	2	26	0	0	0	0	0	0	275	227	254	304	383	448	72	119	95	119	119	22
3571	2	1	1	38	-1	-1	-1	-1	-1	-1	3	13	318	313	253	200	14	322	315	254	201	59
9048	2	2	1	44	0	0	0	0	0	0	6399	6438	6166	6219	6299	3901	263	238	262	250	179	179
714	1	3	2	23	1	2	0	0	0	0	724	694	724	717	616	612	0	48	34	0	2	0
5000	2	2	2	33	1	0	0	0	0	0	520	414	448	2806	2830	2892	54	71	2381	95	88	83
2381	1	2	2	26	0	0	0	0	0	0	1430	1487	1172	1203	1234	1263	95	71	48	48	52	40
476	1	2	2	23	2	2	2	0	0	-2	170	225	218	238	0	0	58	0	24	0	0	0
1190	2	2	2	25	1	-2	-2	-2	-2	-2	0	0	0	0	0	0	0	0	0	0	0	183
9048	2	2	2	41	0	0	0	0	-1	0	2070	1814	1513	532	220	251	77	31	11	220	251	121
5476	2	2	2	41	0	0	0	0	0	0	928	840	936	916	958	1012	119	119	119	71	119	71
5476	1	2	1	45	0	0	0	0	0	0	986	1010	1053	1088	1111	1138	48	60	60	48	48	48
11905	1	3	1	43	0	0	0	0	0	0	1365	1309	1053	969	888	644	97	119	119	95	119	0
1190	1	1	1	40	0	0	0	0	0	0	1013	860	231	213	158	176	52	48	24	12	24	10
1667	2	3	1	24	0	0	0	0	0	0	1580	1621	1210	742	683	257	95	72	119	48	71	71
1905	2	1	2	24	-1	-1	-1	-1	-1	-1	9	25	9	18	9	18	25	9	18	9	18	9
7619	2	2	2	30	2	-1	-1	-1	-1	-1	10	10	10	10	44	44	10	10	10	44	44	51
2619	1	3	2	34	2	2	2	2	2	2	2056	2107	1946	2009	1911	1917	107	1	167	62	83	0
5000	2	1	2	28	0	0	0	0	0	0	1768	1764	1419	1235	1055	910	95	119	48	60	71	71
1190	1	3	1	54	0	0	0	0	0	0	919	945	969	992	1020	1085	48	48	39	48	86	0
2381	2	1	1	29	0	0	0	0	-2	-1	650	679	774	0	0	515	48	111	0	0	515	229
4762	1	2	1	42	0	0	0	0	0	0	1832	1779	1659	330	233	2783	119	97	71	49	2738	143
4762	1	3	2	27	0	0	0	0	0	0	1434	1453	769	739	514	381	98	119	72	72	72	71
3333	2	3	1	37	-1	0	0	0	-1	-1	110	110	132	66	9	9	27	35	24	9	9	9
5714	2	1	1	45	1	-2	-2	-2	-2	-2	0	0	0	0	0	0	0	0	0	0	0	0
4286	2	2	2	33	0	0	0	0	0	0	3663	3658	3463	3335	3149	2629	169	119	106	110	103	90
2143	2	2	2	24	0	0	0	0	0	2	304	366	391	415	451	440	75	38	38	50	0	36
3095	1	1	1	29	1	2	0	0	0	-1	3875	3410	3107	2360	2418	2140	0	143	119	119	2386	39
7381	1	2	1	44	0	0	0	0	0	0	94	143	184	211	291	346	60	48	48	83	60	36
238	1	1	2	26	0	0	0	0	0	0	152	176	204	232	240	242	27	31	36	11	12	19
1190	2	4	1	32	0	0	0	0	0	0	246	227	162	330	125	128	29	24	4	3	48	24
952	2	1	2	29	0	0	2	2	2	2	630	701	718	699	807	821	81	36	0	119	31	0
476	1	2	3	47	-1	-1	2	2	-1	-1	9	19	9	0	19	0	19	0	0	19	0	0
1190	1	2	1	46	0	0	0	0	0	0	1141	1164	1185	870	772	365	49	43	34	24	24	24
714	2	2	1	35	-1	-1	2	0	0	0	270	658	637	651	602	0	658	0	24	0	0	0
476	1	2	2	24	0	0	0	0	0	0	162	183	207	231	241	248	27	27	28	14	14	0
5000	1	2	2	28	0	0	0	0	0	0	4286	4390	4083	3172	2354	2098	214	179	131	100	107	92
476	2	2	1	35	1	2	2	2	0	0	389	376	438	424	429	395	0	76	0	18	17	18
1190	2	2	1	24	0	0	0	0	0	0	168	50	175	69	69	13	48	167	69	60	10	0
1190	2	2	1	22	0	0	0	0	0	0	815	829	848	875	403	387	37	42	54	14	17	24
714	1	3	2	30	1	2	2	2	2	2	103	121	151	169	190	183	24	36	24	24	0	24
1190	1	2	2	24	1	2	2	2	2	2	617	593	538	586	570	607	43	0	64	0	50	0
476	1	2	1	34	0	0	2	3	2	0	356	392	472	456	445	458	49	81	0	0	19	429
1429	2	2	1	32	0	0	0	0	0	0	1411	1410	1420	1383	1362	1444	51	51	49	52	126	0
714	1	1	2	26	1	2	2	0	0	0	586	557	541	533	523	536	40	0	40	21	24	21
3333	2	1	2	26	0	0	-2	-2	-2	-2	516	0	0	0	0	0	0	0	0	0	0	0
9524	1	1	2	30	0	0	0	0	0	0	3870	3698	4074	4113	3734	3329	238	762	429	119	95	238
1429	1	2	2	28	0	0	0	0	0	2	1006	884	908	926	988	958	185	39	33	76	0	48
5000	2	2	2	29	0	0	-1	-1	0	0	335	310	61	860	864	136	49	61	860	26	71	34
1190	2	1	2	27	0	0	0	0	0	0	1190	1135	1151	1100	1078	1101	50	58	50	38	48	45
5000	1	2	2	37	0	0	0	0	0	0	372	418	399	444	444	386	72	72	119	119	48	48
3571	2	2	1	42	0	0	0	0	2	0	378	247	144	115	148	115	31	25	33	37	3	6
5238	2	1	2	33	-1	2	-1	-1	-1	-1	16	8	25	28	49	5	0	25	28	49	5	118
3571	2	2	1	30	0	-1	-1	-1	-1	-1	36	29	0	45	0	3	29	0	45	0	3	0
476	1	1	1	44	0	0	0	0	0	0	428	780	382	338	316	291	48	36	24	19	24	24
8571	2	1	1	40	2	2	2	0	0	0	2504	2749	2670	2731	2806	2863	286	0	140	119	107	112
5238	1	2	1	32	-1	-1	-1	-1	-1	-1	37	73	138	28	43	28	73	139	29	43	29	43
1190	2	2	1	24	0	0	0	0	0	2	1107	821	638	662	707	639	36	38	36	55	0	40
6190	2	1	2	37	-2	-1	-1	-1	-1	-1	91	31	62	24	24	23	31	62	24	24	23	22
2619	2	1	2	27	-1	-1	-2	-2	-2	-2	54	0	0	0	0	0	0	0	0	0	0	111
5714	2	2	1	35	-1	-1	-1	-1	-1	-1	35	35	35	35	35	35	35	35	35	35	35	9
1429	1	2	1	32	0	0	0	0	0	2	733	616	642	649	722	574	36	38	21	107	0	24
2619	1	2	1	39	0	0	0	0	0	0	1178	961	822	877	773	853	72	71	71	71	95	71
2857	2	2	2	43	0	0	0	-1	0	0	2891	1432	1470	610	621	347	1839	522	611	121	0	120
5476	1	1	1	38	-1	-1	-1	-1	-1	-1	26	58	69	116	68	73	58	69	116	69	73	23
6667	2	2	1	30	0	0	0	0	0	0	1709	1763	1807	1851	1894	1948	95	71	71	71	83	95
3571	2	2	2	44	0	0	0	0	0	0	882	940	988	1045	1058	1081	71	63	71	36	38	48
4286	2	1	2	29	-2	-2	-2	-2	-2	-2	0	0	0	0	0	0	0	0	0	0	0	0
7143	1	1	1	54	-1	-1	-1	-1	-1	-1	5	13	0	17	11	9	13	0	17	11	9	0
476	2	1	2	24	0	0	0	0	0	0	498	529	521	519	505	515	64	33	33	19	42	24
1190	1	2	1	34	1	2	0	0	0	0	1176	1129	1143	1173	669	719	0	60	83	24	81	0
1429	1	2	1	49	0	0	0	0	0	0	1419	1590	1560	421	464	457	524	52	60	60	95	62
476	1	2	2	25	-2	-2	-2	-2	-2	-2	0	0	0	0	0	0	0	0	0	0	0	0
11905	1	1	2	28	0	0	0	0	0	0	2201	2307	2648	5990	7151	6428	168	477	3574	1790	273	266
5238	2	2	1	40	-2	-2	-2	-2	-2	-2	138	99	204	277	356	188	100	205	279	377	189	126
1905	1	1	1	33	0	0	0	0	0	0	1084	1499	862	866	990	658	48	238	48	155	190	119
714	2	1	2	23	0	0	0	0	0	0	340	363	51	697	633	618	31	48	667	19	12	13
11905	2	3	1	36	-2	-2	-2	-2	-2	-2	663	25	657	432	60	4029	25	658	596	60	4029	285
714	2	3	2	42	1	2	2	2	0	0	725	662	729	710	717	724	0	85	0	26	26	27
2381	2	2	2	26	0	0	0	0	0	0	1116	1146	1175	1203	1227	1254	48	48	48	48	48	48
476	1	2	2	26	1	-1	-1	0	0	0	0	3	240	242	248	0	3	243	13	14	24	0
1190	1	2	2	25	2	2	2	0	0	0	471	516	442	474	466	441	90	0	48	36	24	48
3571	2	2	1	42	1	-2	-2	-1	-1	-1	0	0	0	264	0	4	0	0	264	0	4	79
3095	2	1	2	27	-1	0	0	0	0	0	464	1261	631	453	531	619	833	239	190	119	143	190
11905	1	1	1	55	2	2	2	2	2	2	118	118	118	118	118	118	0	0	0	0	0	0
238	1	3	2	31	0	0	0	0	0	0	121	135	146	139	137	145	30	26	5	9	24	24
476	1	2	1	56	0	0	0	0	0	0	480	471	1264	405	437	469	36	31	60	48	48	24
3095	2	1	2	34	0	0	0	0	0	0	1591	665	595	658	713	653	71	71	71	71	119	71
714	2	1	2	25	0	0	0	0	0	0	471	499	530	538	550	563	36	40	24	24	22	18
714	2	2	1	54	0	0	0	0	0	0	925	701	794	718	644	697	48	107	57	95	73	25
3095	1	2	2	32	0	0	0	2	0	0	2602	2664	2654	2228	2276	2291	107	270	0	83	100	71
4048	1	2	2	27	0	0	0	0	0	0	3724	3406	3009	2842	2686	2577	169	131	119	119	119	119
9762	2	1	1	34	1	-2	-2	-2	-2	-2	0	0	0	0	0	0	0	0	0	0	0	95
714	2	2	1	23	2	0	0	0	0	0	667	620	648	660	677	603	43	45	32	25	27	119
3810	2	3	1	44	0	-1	-1	2	2	2	144	38	69	55	66	52	48	72	0	24	0	119
1190	2	2	1	24	0	0	0	0	0	0	1176	1197	1206	1156	1182	1150	48	41	44	42	40	36
1190	1	2	2	37	1	2	0	0	0	0	684	666	690	708	724	796	0	35	29	31	88	0
7381	1	3	1	44	0	0	0	0	0	0	5684	5824	5959	6328	6458	6605	238	238	476	238	262	262
7143	2	1	2	43	1	-2	-2	-1	-1	-2	32	57	0	23	0	2	57	0	23	0	2	0
8571	1	2	1	43	1	-2	-2	-2	-2	-2	0	0	0	0	0	0	0	0	0	0	0	0
2143	2	2	2	24	1	-2	-2	-2	-2	-2	0	0	0	0	0	0	0	0	0	0	0	0
714	2	3	1	58	2	2	2	2	2	2	633	658	664	647	696	709	43	24	0	60	28	29
7857	1	3	1	46	0	0	0	0	0	0	5414	5446	5468	5419	5423	5433	195	193	191	195	200	195
7143	2	2	2	34	0	0	0	0	0	0	7093	5155	5279	5352	4346	2191	186	207	202	162	64	76
6667	1	2	2	30	-1	-1	-1	-1	-1	-1	16	39	16	16	16	16	39	16	16	16	16	0
476	2	2	2	27	0	0	0	2	0	0	397	355	225	230	145	138	37	56	12	24	76	48
476	2	1	2	26	0	0	0	0	0	0	437	468	392	397	413	406	39	36	17	24	24	14
1190	1	2	2	22	0	0	0	0	0	-1	1140	1061	682	464	47	179	37	36	25	7	483	24
1190	2	3	3	43	0	0	0	0	0	0	582	581	562	538	519	523	43	33	19	24	21	21
1905	2	1	1	37	-1	0	-1	-1	-1	-1	659	366	617	439	63	495	238	617	439	63	495	0
6905	2	2	1	48	-1	-1	-1	-1	-1	-1	747	747	33	357	78	0	748	33	357	78	0	80
1190	2	1	2	25	-1	2	-1	-1	-1	-1	215	72	54	52	0	141	0	54	52	0	141	0
1190	1	2	1	25	0	0	0	0	0	0	1006	1030	841	550	452	465	43	33	33	24	24	24
5000	2	2	2	35	0	0	0	0	0	0	3519	3229	2987	2462	1798	1715	119	167	119	95	58	71
3810	2	1	2	31	-1	2	-1	-1	-1	-1	36	17	33	21	21	52	0	33	22	21	52	19
10476	1	1	2	33	-1	2	-1	2	-1	3	27	8	19	4	63	52	0	31	0	66	0	0
1429	1	1	2	27	0	0	0	0	0	0	1375	1409	1405	666	681	696	70	39	24	26	26	22
1190	2	1	2	22	1	2	2	2	0	0	1015	991	1049	890	769	781	0	84	0	31	28	36
4762	1	3	2	42	-1	0	0	0	0	0	66	108	170	230	355	413	72	120	119	238	119	238
1667	1	1	2	31	0	0	0	0	0	0	1140	1249	1332	1508	1540	1617	143	119	238	71	119	71
5238	2	1	1	37	0	0	0	0	0	0	3624	3671	3785	3865	3909	4000	143	174	179	143	155	167
9286	2	2	1	24	0	0	0	0	0	0	391	404	367	321	970	941	36	36	24	714	48	71
2381	2	2	1	27	-2	-2	-2	-2	-2	-2	9	42	0	0	0	0	114	0	0	0	0	0
8571	2	1	2	33	-1	-1	-1	-2	-2	-2	21	276	0	0	0	0	276	0	0	0	0	122
476	1	2	2	24	2	2	4	4	4	4	39	39	39	39	39	39	0	0	0	0	0	0
3571	2	1	2	25	1	-2	-1	2	-1	-1	0	0	8	8	24	0	0	8	0	24	0	0
476	1	3	2	59	2	2	2	2	0	0	177	122	132	150	171	192	48	36	24	24	24	24
3571	2	2	1	53	-1	-1	-1	-1	-1	0	276	688	827	449	613	319	695	827	449	613	81	190
2381	2	2	1	41	-2	-2	-2	-1	-1	-2	9	9	0	22	0	0	19	0	22	0	0	0
10476	2	3	1	50	0	0	0	0	0	0	5972	3978	3448	1613	1573	1430	239	205	596	596	525	477
10714	2	1	2	36	1	-2	-1	-1	-1	-2	141	23	15	43	16	253	23	15	44	16	255	725
7381	2	2	2	27	0	0	0	0	0	0	2908	2628	2842	2701	3357	3456	238	241	476	717	718	480
1190	2	1	2	24	0	0	0	0	0	0	1203	1064	916	804	815	832	61	45	32	31	31	36
4286	2	1	2	27	-1	-1	-1	-1	-1	-1	15	43	126	667	23	0	43	127	667	23	0	11
238	1	2	1	29	0	0	0	0	0	0	193	232	136	157	178	199	48	71	26	24	24	48
952	1	1	2	35	1	2	2	2	2	3	264	252	486	495	527	512	0	238	24	48	0	0
3333	2	3	1	47	6	5	4	3	2	0	3614	3524	3435	3326	2161	2213	0	0	0	0	71	48
3571	2	2	1	51	0	0	0	0	0	0	3477	3514	3533	3564	2568	2586	167	181	143	95	98	102
1429	1	1	2	27	-1	-1	-1	-1	0	-1	33	126	38	138	28	25	126	714	280	0	25	30
476	1	2	2	24	0	0	0	0	-2	-2	433	454	467	0	0	0	36	24	0	0	0	0
2381	2	1	1	40	2	2	2	2	2	2	1510	1542	1504	1606	1566	1650	71	0	127	0	110	71
1905	2	2	2	23	0	0	2	0	0	0	1301	1095	772	659	555	157	133	0	48	24	3	48
1667	2	1	2	29	0	0	2	2	2	2	971	1052	1066	1042	1111	1136	98	38	0	86	48	45
4762	1	2	1	40	0	0	-1	0	0	0	31	48	2879	3010	2036	1936	61	2964	190	83	95	71
5238	2	2	2	46	0	0	0	2	2	0	2070	2038	2173	2096	1948	1888	95	286	74	0	69	71
3333	1	2	2	27	0	-1	-1	0	0	0	573	48	2598	2627	1600	1617	48	2627	119	119	71	119
3333	2	2	1	33	0	0	0	0	0	0	3169	3161	3135	3178	3060	2953	119	110	119	107	105	102
8571	2	1	2	32	0	0	0	0	0	0	270	419	415	352	281	520	169	167	119	0	282	310
5714	1	2	1	39	1	2	0	0	0	0	5841	5587	5580	5619	5697	5817	0	243	243	208	216	216
476	1	2	2	24	2	2	2	2	2	2	388	398	436	422	463	452	24	52	0	48	0	29
4286	2	2	2	33	-2	-2	-2	-2	-2	-2	269	81	539	185	74	201	81	539	185	74	201	160
1905	1	1	2	26	0	0	0	0	0	0	1227	1075	1093	1110	1135	1155	43	43	40	42	45	43
476	2	2	1	29	1	2	2	2	2	2	290	279	321	310	327	266	0	48	0	25	0	5
2143	2	3	2	25	0	0	0	0	2	0	1036	1064	1092	1132	974	920	44	49	65	0	38	21
476	1	1	2	30	-1	-1	3	2	0	0	8	593	535	519	485	481	636	0	0	24	19	24
4048	2	1	1	39	1	2	0	0	0	2	3836	3474	2837	2873	3043	2979	0	143	119	214	0	143
5714	1	1	2	43	-2	-2	-2	-2	-2	-2	137	0	0	0	0	0	0	0	0	0	0	0
714	1	1	2	28	2	2	2	2	0	0	233	239	234	180	137	93	56	48	0	3	3	1
3571	2	2	1	34	-2	-2	-2	-2	-2	-2	0	0	0	3	0	36	0	0	3	0	36	0
6905	1	1	2	30	0	0	0	0	0	0	5809	5745	5803	5602	5793	5782	264	286	214	286	262	239
3095	1	2	1	38	0	0	0	0	0	0	1455	1462	1492	1542	1078	1154	71	95	119	71	119	48
2143	2	2	2	34	0	0	0	0	0	0	715	696	334	323	341	356	48	36	36	24	24	24
11905	1	1	1	37	1	2	0	0	0	0	12073	11713	10253	8968	8491	7226	8	364	289	293	336	251
2857	2	1	2	37	2	2	2	2	2	2	18	18	18	28	14	25	11	11	21	0	21	0
7143	2	2	1	37	-1	-1	-1	-1	-1	-1	374	275	148	356	164	526	275	149	356	164	526	160
8095	2	2	2	29	0	-1	-1	-1	0	0	1041	395	393	2403	621	481	400	393	2403	482	1	0
1429	1	2	1	38	0	0	2	0	0	0	1736	1693	1605	1513	1430	1344	119	71	71	71	48	71
7619	2	2	2	34	-1	-1	-1	-1	0	-1	186	70	280	1252	873	1008	70	280	1252	0	1008	653
476	2	2	1	41	-1	2	-1	-1	0	0	156	106	36	208	127	97	0	36	208	0	0	40
714	1	2	1	45	1	2	2	0	0	2	340	364	352	352	397	387	37	0	13	51	0	17
1429	2	3	1	58	1	2	0	0	0	0	625	608	633	663	673	687	0	42	48	29	29	27
2381	2	1	1	38	1	-2	-2	-1	-1	2	0	0	0	1	95	8	0	0	1	103	0	248
11667	2	2	1	30	0	0	0	0	0	0	4651	4780	4905	4856	4725	4774	207	239	191	387	157	143
1667	2	2	2	26	2	0	0	2	2	2	978	1011	1072	1048	1117	1096	48	85	0	86	0	43
714	1	2	1	31	0	0	0	-1	-1	-2	316	172	0	55	0	0	39	19	55	0	0	0
1190	1	3	1	48	0	0	0	0	0	0	282	315	334	340	352	356	38	31	12	17	14	19
5238	2	1	1	39	-1	-1	-1	-1	-1	-1	56	27	136	48	368	182	27	137	49	369	183	69
1190	1	2	2	34	0	0	-1	-1	-2	-2	99	0	99	0	0	0	0	99	0	0	0	0
7143	2	2	2	28	-1	-1	-1	-2	-2	-1	14	113	0	0	0	7	113	0	0	0	7	10
1190	2	2	2	34	0	0	0	0	0	0	1083	1101	304	178	199	220	48	49	24	24	33	27
1667	2	2	2	24	0	0	0	0	0	0	1617	1496	1490	960	1159	1099	71	69	48	357	71	52
1190	1	3	2	25	0	0	0	0	0	0	839	863	502	432	438	399	48	48	48	24	24	24
714	1	2	2	30	2	2	2	2	2	2	494	511	495	518	542	551	32	0	31	36	21	0
1190	1	2	1	35	2	2	2	0	0	0	1385	1351	1257	1194	757	772	62	0	33	0	15	764
1190	1	2	1	26	0	0	0	0	0	0	909	677	553	511	429	445	71	34	28	52	21	12
2857	1	3	1	43	2	3	2	2	2	2	987	1011	1068	1087	1104	1129	48	81	43	43	45	49
1667	1	2	2	48	-1	-1	-1	-1	-1	-1	5	4	7	20	8	21	4	7	20	8	21	20
2143	2	1	2	24	-1	-1	-2	-2	-2	-2	12	0	0	0	0	0	0	0	0	0	0	0
1190	1	2	1	49	0	0	0	0	0	-1	1154	1155	1192	1184	339	21	55	55	50	16	21	344
4762	2	3	1	29	1	-2	-1	-1	-1	-1	0	0	24	824	18	0	0	24	824	18	0	0
1905	2	1	2	54	0	0	0	0	0	0	1864	1887	1785	1889	1166	1115	83	134	190	29	36	48
1190	2	2	3	24	0	0	0	0	0	0	974	904	633	235	128	135	38	148	35	52	24	71
5000	1	2	1	45	-1	-1	-1	-1	-1	-1	43	103	96	8	15	77	104	96	8	15	77	93
1190	2	2	2	26	2	0	0	2	2	0	620	644	701	708	693	711	35	68	25	0	29	26
5476	2	1	1	35	-2	-2	-2	-2	-2	-2	214	0	0	0	0	0	0	0	0	0	0	0
11905	1	2	2	33	0	0	0	0	0	0	3202	2731	2958	3119	3284	2842	477	477	478	479	238	239
476	2	2	1	31	1	2	2	2	0	0	231	224	283	272	270	289	0	71	0	10	24	0
4762	2	1	1	43	0	0	0	0	0	0	4783	4701	4784	3468	3485	3564	238	214	143	143	143	143
5476	1	3	1	61	2	2	-2	-2	-2	-2	60	0	0	0	0	0	0	0	0	0	0	0
7619	2	2	1	42	-1	-1	-2	-2	-2	-2	194	0	0	0	0	0	0	0	0	0	0	0
1905	2	2	1	37	-1	-1	-1	-1	-1	-1	35	91	21	10	0	66	91	21	10	0	66	0
4762	1	2	1	38	2	2	2	2	0	0	2435	2499	2522	2444	2312	2334	119	107	0	83	83	214
3810	1	2	1	28	1	-2	-2	-2	-2	-1	0	0	0	0	0	31	0	0	0	0	31	30
1190	2	1	2	30	0	0	0	0	0	0	1095	1094	1080	876	689	550	43	43	31	21	19	19
3333	2	2	2	26	0	0	0	0	0	2	6474	3358	3436	3380	3365	3247	333	171	452	248	0	117
714	2	3	2	40	2	2	2	2	0	0	564	548	600	584	596	608	0	61	0	22	22	111
714	1	1	2	30	1	2	2	2	0	0	524	508	559	543	556	571	0	60	0	21	24	29
12143	2	2	2	48	0	0	0	0	0	-1	2705	2304	1732	1542	572	566	215	190	476	572	566	536
8095	1	1	2	26	0	0	0	0	0	0	5755	5282	4916	4670	4677	4646	190	238	238	191	190	202
476	1	3	1	45	0	0	0	0	0	0	629	652	676	700	714	0	24	24	24	14	0	0
3333	2	1	1	37	0	0	0	0	0	0	3217	3314	3331	2611	2574	2573	160	146	96	96	97	96
8571	2	1	1	36	-2	-2	-2	-2	-2	-2	326	47	14	0	94	0	47	14	0	94	0	55
5000	1	2	3	39	0	0	0	0	0	0	4124	2299	1972	1863	1853	1938	95	119	119	119	119	119
2381	2	3	3	43	0	0	0	0	0	0	1466	1218	1043	943	851	792	48	38	36	48	36	24
3333	1	2	2	36	1	2	2	2	2	2	1061	1085	1098	1120	1146	1167	48	38	48	48	43	0
3095	1	2	2	33	2	2	2	-1	-1	-2	28	52	48	17	0	0	48	0	17	0	0	0
10952	1	1	1	39	2	2	5	5	5	5	59	59	59	59	59	59	0	0	0	0	0	0
2857	2	2	2	30	0	0	0	0	0	0	400	418	429	433	215	285	32	27	15	15	95	43
2619	2	3	3	44	2	2	2	2	2	2	920	945	970	988	1002	1025	48	48	40	38	43	43
1190	1	3	1	41	0	0	2	2	2	2	134	1117	1092	1159	1179	1204	1002	0	93	45	48	0
5714	2	1	2	33	0	0	0	0	0	0	2379	2193	2028	1977	1870	1869	83	100	86	71	71	71
1429	2	1	2	28	1	2	2	-2	-2	-1	512	492	0	0	0	54	0	0	0	0	54	0
476	2	2	2	24	2	0	0	0	0	3	71	95	121	142	162	154	29	31	28	24	0	0
11905	2	2	2	28	0	0	0	0	0	0	5130	4803	3361	3104	3010	2694	176	112	92	86	82	76
3333	2	1	2	30	1	2	0	0	0	0	3557	3470	3434	3440	3438	2871	0	127	132	139	100	103
1667	1	2	1	44	0	0	0	0	0	0	338	361	369	363	321	282	36	38	36	24	14	36
1190	2	1	1	50	1	2	0	0	0	0	1195	1149	1182	1049	1093	1081	0	185	71	71	119	71
5714	2	2	2	29	0	0	0	0	0	0	2192	2014	2145	2148	2139	2282	119	214	167	120	521	132
1190	2	2	1	39	-1	-1	-1	-1	-1	-1	9	9	9	9	9	9	9	9	9	9	9	9
3571	2	1	1	29	1	-1	-1	-2	-2	-2	0	6	0	0	0	0	6	0	0	0	0	16
1190	2	2	1	47	2	0	0	2	2	2	262	287	363	367	379	369	37	89	17	21	0	14
5714	2	2	1	37	1	-2	-2	-2	-2	-2	0	0	0	0	0	0	0	0	0	0	0	0
1429	2	2	2	57	0	0	0	0	0	0	1276	998	716	720	720	709	48	48	55	48	71	36
2381	1	2	2	33	0	0	3	2	0	0	837	942	921	892	905	0	127	0	0	18	0	0
5476	1	3	2	34	0	0	0	0	0	0	3265	3292	3043	3107	2623	2673	160	155	155	110	119	119
1429	2	2	2	55	1	2	0	0	0	0	1459	1407	1301	1335	695	710	0	54	62	23	24	24
476	1	2	1	50	0	0	0	0	0	2	131	158	180	204	239	231	29	29	31	38	0	14
1429	2	1	2	22	2	0	0	0	0	-1	1401	1452	1383	1426	468	699	88	33	48	12	714	26
8571	2	1	1	45	-2	-2	-2	-2	-2	-2	81	63	25	13	20	53	63	25	13	20	53	19
5000	1	3	1	47	-2	-2	-2	-2	-2	-2	154	86	246	208	284	214	86	247	208	284	214	177
476	2	2	1	26	0	0	0	0	0	0	1748	1789	1840	1770	237	256	62	60	48	24	24	24
1190	1	3	1	40	-1	-1	-1	-1	-1	-1	30	60	4	30	9	9	60	4	30	9	9	9
3095	1	2	1	52	-1	2	-1	-1	0	0	166	98	25	8	8	9	0	25	17	0	0	32
4286	2	1	2	26	1	-2	-2	-2	-1	-1	0	0	0	0	7	180	0	0	0	7	180	0
1190	1	2	2	24	0	0	0	0	0	0	1168	1165	1170	459	447	456	49	31	17	19	19	6
4762	2	1	1	31	-1	-1	-1	-1	-1	-1	6	148	138	20	48	48	148	138	20	48	48	246
5952	2	1	2	37	0	0	0	0	0	0	2782	2323	2165	2082	2006	1923	82	79	72	70	70	72
11905	1	1	1	45	-1	-1	-1	-1	-1	-1	242	175	279	258	216	310	176	281	260	217	311	168
5476	2	2	2	25	0	0	0	0	-1	0	458	390	282	238	1484	1257	48	48	119	1556	48	48
10000	2	1	2	41	-1	-1	-1	-1	0	0	528	363	322	1925	936	639	363	322	1925	19	20	1794
4762	1	3	2	28	0	0	0	0	0	0	1302	1099	1050	606	420	452	262	71	71	48	71	238
5714	2	2	1	41	-2	-1	-1	-1	-2	-2	20	41	4445	131	63	35	42	4464	131	63	35	0
6429	2	4	2	42	-2	-2	-2	-2	-2	-2	342	44	219	49	15	6	44	219	49	15	6	0
476	1	3	2	32	1	2	0	0	0	0	487	425	452	467	433	442	0	40	31	16	16	18
10476	1	1	2	52	2	0	0	0	0	0	10110	9956	9781	9611	9815	10863	357	349	345	359	1214	643
4048	1	2	2	29	-2	-2	-2	-2	-2	-2	290	238	238	238	238	377	238	238	238	238	378	238
7143	2	2	2	28	-2	-2	-2	-2	-2	-2	0	0	0	0	0	0	0	0	0	0	0	0
4762	1	2	1	37	0	0	0	0	0	0	4754	4861	4819	4109	4090	4070	221	187	152	155	156	148
6190	2	2	2	30	-2	-2	-2	-2	-2	-2	106	4	33	24	10	140	4	33	24	10	140	31
8571	2	1	3	35	-2	-2	-2	-2	-2	-2	85	61	0	0	0	165	61	0	0	0	165	0
5476	1	1	1	46	1	2	2	2	2	2	4517	4598	4691	4769	4834	4754	190	202	190	179	0	158
2857	2	1	2	27	-1	-1	-2	-2	-2	-2	460	0	0	0	0	0	0	0	0	0	0	0
4762	2	3	2	47	2	2	2	2	2	2	4748	4832	4618	4671	4766	4522	196	167	162	170	0	163
1190	1	2	1	51	0	0	0	0	0	0	80	93	107	127	152	168	24	25	31	36	29	3
8333	2	2	1	32	-2	-2	-1	0	0	0	468	5709	193	4735	4554	4361	5768	193	4732	167	155	167
10000	1	2	1	41	0	0	0	0	0	0	4604	4716	4824	4714	4766	61	119	118	143	121	25	4352
3571	2	2	2	26	0	0	0	0	0	0	3035	2871	2828	2795	2532	2433	143	107	129	93	107	95
4762	1	2	1	36	-1	-1	-1	-1	-1	-1	111	111	111	111	111	111	111	111	111	111	111	111
5238	2	2	2	27	-1	-1	-1	-1	0	-1	25	18	10	35	27	18	18	10	35	0	18	52
1905	2	2	1	34	0	0	0	0	0	0	1701	1735	1778	1764	1792	1834	63	71	78	71	71	74
952	1	1	2	29	1	2	2	2	2	2	897	876	952	928	940	936	0	90	0	29	0	0
3571	2	3	1	48	2	2	2	2	2	2	2015	1830	1492	1411	1095	1262	142	0	238	0	476	0
2619	1	3	2	49	0	0	0	0	0	0	2713	2685	2629	1156	1064	1140	117	104	297	119	126	119
6905	2	1	1	33	-2	-2	-2	-2	-2	-2	0	0	0	0	0	0	0	0	0	0	0	0
4286	2	2	2	35	-1	-1	-1	-1	-1	0	364	100	31	0	112	112	100	31	0	112	0	38
1905	1	2	2	24	0	0	0	0	0	0	1882	1931	1666	1118	1108	1127	91	67	48	40	48	43
7143	1	1	2	43	-1	-1	-1	-1	0	0	4	60	203	342	387	454	60	203	342	95	156	0
5476	2	1	1	49	-2	-2	-2	-2	-2	-2	25	7	214	43	95	172	7	214	43	95	172	88
1190	2	2	2	23	1	-1	-1	-1	-1	0	431	98	0	6	681	572	167	0	6	1107	48	71
4048	2	2	2	32	0	0	0	0	-1	0	260	200	135	150	105	18	146	98	165	158	0	399
1190	1	2	2	54	1	2	0	0	0	0	1146	1116	647	657	665	652	0	33	29	36	24	36
1190	1	2	2	25	1	2	0	0	-1	0	262	226	102	0	162	132	0	24	0	162	48	90
7143	1	3	1	37	-1	-1	-1	-1	-1	-1	117	68	80	47	105	60	68	80	47	105	60	27
4762	2	2	1	36	-1	-1	-1	-1	-1	-1	25	97	26	26	26	26	98	26	26	26	26	26
3810	2	1	2	28	-2	2	0	0	0	0	99	94	140	245	282	312	0	48	119	72	48	48
476	1	3	2	22	1	2	0	0	0	0	452	437	439	449	465	504	0	40	24	24	50	0
1429	1	2	1	46	0	0	0	0	0	0	1369	1410	1430	1398	471	458	64	72	35	16	24	29
3571	1	3	2	32	0	0	0	0	0	0	3576	2997	2506	1225	840	710	120	96	36	17	24	0
6905	2	1	2	27	2	0	0	0	2	2	5536	5804	6027	6367	6502	6625	393	357	476	238	231	0
1190	2	2	1	34	0	0	0	0	0	0	1215	1188	1201	1188	711	727	48	52	54	29	31	29
3095	2	2	1	33	0	-1	0	0	-1	-1	233	202	58	0	16	0	202	24	0	16	0	0
1190	2	3	2	31	2	2	2	0	0	0	629	688	670	683	835	714	77	0	24	25	33	148
6667	2	1	2	28	-1	2	-1	-1	-1	2	129	51	40	29	152	39	0	40	29	167	0	75
5000	2	1	3	31	-1	-1	-1	0	0	0	32	91	798	1859	2604	2592	92	798	1145	937	24	32
3095	2	1	2	32	0	0	0	0	0	0	1399	1279	1042	751	564	377	48	48	29	52	24	24
6190	1	2	1	45	-1	-1	-2	-2	-2	-2	91	64	12	68	27	16	68	12	68	27	16	0
714	1	1	1	34	-1	-1	-1	-2	-2	-2	5	60	0	0	0	0	60	0	0	0	0	0
8571	2	1	2	32	0	0	0	0	0	0	6918	2821	2684	2443	2197	1226	174	145	145	148	120	654
2619	2	1	2	27	0	0	0	0	0	0	2701	2667	2662	2665	2667	2666	101	100	99	101	100	101
5476	2	2	1	54	-1	-1	2	2	-2	-2	4	79	74	0	0	0	79	0	0	0	0	0
7381	2	2	1	62	0	0	0	0	0	0	2703	2764	2856	2847	2877	2360	119	143	119	119	95	71
3095	2	2	1	47	0	0	0	0	0	0	2031	2068	2113	849	880	927	91	96	30	45	74	0
476	2	2	2	24	0	0	0	0	3	2	95	121	142	162	154	54	31	28	24	0	0	58
11905	2	1	2	37	-2	-2	-2	-2	-2	-2	8	61	91	19	0	106	61	91	19	0	106	8
4762	2	1	2	33	-2	-2	-2	-2	-2	-2	107	177	99	1377	43	0	177	99	1377	43	0	72
9524	2	1	2	35	-2	-2	-2	-2	-2	-2	101	103	164	84	2	22	119	167	86	36	24	24
1190	1	3	1	52	1	2	2	0	0	2	187	209	202	206	221	214	29	0	7	19	0	8
7857	2	2	2	41	0	0	0	0	0	0	1816	1885	1959	2059	2179	2391	100	119	154	155	248	130
6190	2	2	1	36	0	0	0	0	0	0	2548	2749	2741	2829	2893	2972	310	119	119	95	115	107
1190	1	2	1	43	-1	2	-1	-1	2	-1	19	9	9	15	6	12	0	9	15	0	19	19
1905	1	3	2	28	1	2	2	0	0	0	908	934	912	1015	2071	999	48	0	119	36	36	167
4048	2	2	1	35	0	0	0	0	0	0	3443	3244	3318	3358	2834	2115	119	167	167	119	95	91
8571	1	3	1	56	-1	-1	-1	-1	-1	-1	524	184	29	50	24	24	185	29	50	24	24	24
2381	2	2	1	28	0	0	0	0	0	0	867	1163	498	332	347	383	143	119	24	95	119	190
8571	2	2	2	32	0	0	0	0	0	0	277	336	559	313	321	0	119	238	119	83	0	0
11905	1	2	2	32	0	0	0	2	0	0	3014	3155	3308	3387	3451	3540	190	202	167	167	143	357
1429	2	1	2	31	0	0	0	0	2	0	777	812	846	924	906	945	48	48	93	0	57	36
9762	1	2	2	39	0	0	0	0	0	0	7999	7817	7645	6547	6402	6252	333	310	714	286	238	215
3810	2	2	1	36	-1	-1	-1	-1	-1	-1	58	5	19	16	18	13	5	21	16	18	13	0
1190	1	3	1	40	1	2	0	0	0	0	574	326	355	358	374	277	0	35	14	24	12	14
5952	2	1	2	42	-1	-1	0	0	0	0	726	952	2353	1866	254	9	952	2119	254	0	0	13
5952	1	1	2	27	-1	-1	-1	-1	-1	0	2	53	74	44	240	117	54	74	46	240	69	121
4762	2	1	1	44	0	-1	-1	-2	-2	-1	638	9	0	0	13	92	9	0	0	13	92	0
4286	2	4	1	48	-1	-1	-1	-1	-1	-2	21	80	71	146	44	27	80	71	152	44	27	53
6429	1	1	2	36	0	0	0	2	0	0	1872	1641	1107	960	885	528	240	96	0	49	48	0
6190	2	2	1	35	-1	-1	-1	-1	0	-1	5	5	5	61	4	130	5	5	61	0	131	10
10952	2	1	1	54	-1	-1	-1	-1	-1	-1	182	226	441	1926	1080	1352	226	441	1926	1080	1352	418
5000	2	3	1	40	0	0	0	0	0	0	4790	5022	5108	3304	3355	3431	388	238	119	143	143	143
8571	1	1	2	30	-1	-1	-1	-1	-1	-1	729	102	65	49	65	120	103	65	49	65	126	122
4286	2	2	2	44	0	0	0	0	0	0	562	587	610	562	584	598	34	34	51	36	24	24
1190	1	3	1	41	-2	-2	-2	-2	-2	-2	642	387	24	0	0	0	119	26	0	0	0	0
3571	2	2	2	25	-1	-1	-1	-1	0	0	1651	55	126	410	646	90	81	126	410	348	0	781
1429	2	2	2	29	2	0	0	0	0	0	1393	1308	2040	988	462	450	48	45	37	24	17	16
1905	2	1	1	32	1	-2	-1	-1	-1	-1	0	0	45	176	45	0	0	45	176	45	0	0
3333	1	1	3	59	0	0	0	0	0	0	3361	3323	2062	1498	1980	1984	117	80	46	534	58	39
5238	2	2	1	38	2	0	0	0	0	0	3965	3898	3981	4024	4037	4254	176	181	145	148	286	179
7143	2	2	1	31	-1	-1	-1	0	0	0	8	8	419	363	226	255	8	419	48	64	48	8
238	2	3	1	48	0	0	0	0	0	0	187	202	194	166	54	0	28	24	4	0	0	0
10476	1	1	1	31	-1	0	0	0	0	-1	509	450	394	315	180	39	120	72	25	72	40	9
5000	1	2	1	39	-1	-1	-1	-1	-1	-1	34	34	34	34	34	34	34	34	34	34	34	34
1429	2	1	2	25	0	0	0	0	0	0	381	401	429	430	300	304	33	36	12	17	12	24
4286	2	1	2	30	0	0	-1	0	0	-2	375	234	218	196	0	0	29	224	0	0	0	0
2857	2	3	1	30	1	2	0	0	0	0	2846	2764	2800	2858	1919	1959	0	104	119	71	71	76
2857	2	2	1	42	0	0	0	0	0	0	2787	2786	2785	2618	2588	2497	120	108	98	98	95	95
2857	2	1	2	26	0	0	0	0	0	0	2432	2457	2177	2107	1730	1775	128	476	83	60	179	95
714	2	2	1	22	1	2	2	2	2	0	668	692	674	701	687	693	42	0	85	0	28	25
1905	2	1	2	22	0	0	0	0	0	0	1150	1162	988	875	659	664	41	40	34	23	24	29
3333	2	1	2	54	1	3	2	2	2	2	428	414	431	417	446	435	0	31	0	36	0	45
1190	1	2	1	57	4	3	2	0	0	0	1219	1193	1157	467	476	0	0	0	9	10	0	0
714	2	2	1	43	2	2	2	2	2	0	683	634	572	580	497	467	31	0	38	0	21	19
14286	2	2	1	46	-2	-2	-2	-2	-2	-2	62	39	83	46	52	55	39	83	47	52	55	179
476	1	2	1	38	-1	-1	-1	-1	-1	-1	63	72	78	167	44	71	72	78	168	44	71	119
3810	2	1	1	32	0	0	0	0	0	0	2664	2526	2125	1598	1328	1107	91	71	55	44	40	65
1905	2	2	1	41	0	0	0	2	0	0	1869	1835	1827	1777	1360	1112	74	150	0	42	38	39
714	1	1	2	30	0	0	2	0	0	0	315	357	368	386	396	406	48	24	24	17	17	17
5238	2	1	1	40	0	0	0	0	0	0	1509	1528	1468	1473	1547	1594	190	71	71	119	71	71
11905	1	1	2	38	-1	-1	-1	-1	-1	-1	74	815	190	17	27	977	815	190	17	27	977	616
2619	2	2	2	31	0	0	0	0	0	0	2333	2238	2216	2115	1861	1861	102	102	71	69	71	72
1429	2	2	1	40	0	0	0	0	0	0	1384	1413	1386	1119	782	693	67	52	36	29	26	29
1190	2	2	1	48	1	2	0	0	0	0	445	431	471	461	449	461	0	48	36	24	48	24
1905	2	2	2	26	0	0	0	0	0	0	1927	1840	1889	1928	1884	1882	71	88	95	71	79	73
3095	2	2	1	40	0	0	0	0	0	0	3180	3092	2810	2285	1761	2566	129	165	110	95	48	55
3571	2	2	2	24	0	0	0	0	0	0	2593	2612	2589	2574	2594	2617	95	131	95	98	102	95
6429	2	2	1	34	0	0	0	0	0	0	4849	4638	4318	4050	3783	3508	238	156	184	168	127	240
1190	2	2	1	42	0	0	0	0	0	0	917	681	669	663	647	654	42	36	36	24	26	29
6905	2	1	1	38	-1	-1	-1	-1	-1	-1	86	350	172	355	1083	359	350	177	360	1083	359	212
5476	1	4	1	42	0	0	0	0	0	0	2196	2157	2152	1412	1438	1467	78	66	54	52	52	54
7857	2	1	2	31	0	0	0	0	0	0	891	964	1515	950	949	938	119	79	76	71	27	71
1905	2	2	1	45	1	2	2	2	2	2	1284	1249	1317	1352	1368	1393	0	103	71	52	50	0
5952	2	3	2	36	-1	0	0	0	0	0	1053	1402	1740	2436	1799	2102	595	571	714	595	714	595
1905	2	2	2	40	0	0	0	0	0	0	1874	1806	1633	1300	1333	1283	79	79	48	52	50	45
8333	2	1	1	45	-1	-1	-1	-1	-1	-1	7	7	7	7	7	7	7	7	7	7	7	7
8810	2	1	1	39	0	0	0	0	0	0	3370	1613	1169	1148	1135	1145	51	48	40	48	71	24
11905	2	1	2	41	2	2	-2	-2	-2	-2	60	0	0	0	0	0	0	0	0	0	0	0
1429	2	2	2	22	3	2	2	2	2	2	1466	1428	1421	945	716	732	0	86	7	60	31	0
9286	2	1	1	34	-1	-1	0	0	0	-1	73	1434	1266	1742	1657	586	1434	171	1571	0	586	1034
4762	1	3	2	26	2	0	0	0	0	0	1732	1282	815	629	528	380	120	334	358	357	333	334
1190	2	2	1	32	0	0	0	0	0	0	1110	1072	1034	359	394	400	48	36	17	40	17	15
4762	2	2	2	30	0	0	0	0	0	0	4602	4554	4208	3922	3859	3667	163	140	119	132	144	119
5476	1	1	2	32	0	0	0	0	0	0	1065	1123	704	915	1012	1036	241	476	238	119	119	119
9048	1	3	1	34	-1	-1	-1	-1	-1	-1	108	98	112	56	58	112	98	112	57	58	113	56
1190	2	2	1	24	0	0	0	0	0	0	885	734	652	669	680	701	36	36	27	26	32	23
11190	1	2	2	32	-1	-1	-1	-1	0	0	462	262	361	650	739	457	264	362	651	719	1	393
9524	2	3	1	41	0	0	0	0	0	0	440	294	310	300	427	477	62	24	0	332	169	30
3095	1	1	2	30	0	0	0	0	0	0	108	134	154	162	166	0	28	24	8	5	0	0
5476	2	2	1	30	0	0	0	0	0	0	5584	5440	5150	5141	4149	4154	233	202	199	148	155	155
8333	1	2	1	37	0	0	0	0	0	0	5223	5263	5347	6077	6179	6755	183	189	840	220	701	476
238	1	2	2	22	0	0	0	0	0	0	209	97	66	90	95	122	26	31	29	7	29	0
1667	2	2	1	25	0	0	0	0	0	0	1609	1664	1355	677	207	697	91	48	71	26	667	28
11905	1	1	2	29	-1	0	0	0	0	0	375	375	439	457	91	115	71	71	48	24	48	45
1190	1	2	2	43	0	0	0	0	0	0	301	327	352	295	257	395	38	38	48	12	143	143
2619	1	2	2	25	0	0	2	0	0	2	559	647	632	815	1049	1072	95	0	214	255	40	0
3095	2	2	1	35	0	0	0	0	0	0	3063	2402	3026	1560	1593	1627	131	174	119	60	60	71
1905	1	2	2	25	-1	-1	-1	-1	-1	-1	10	10	10	10	10	10	10	10	10	10	10	10
3095	1	3	1	45	-1	-1	-1	-1	-1	-1	35	43	67	66	38	29	43	67	66	38	29	57
5238	2	1	1	44	-2	-2	-2	-2	-2	-2	0	0	0	0	0	0	0	0	0	0	0	0
5476	2	1	1	35	-1	-1	-1	-1	0	0	63	5	46	278	385	774	5	46	278	238	476	143
2381	2	3	1	50	0	0	0	0	0	0	1140	1164	1193	1244	1271	1322	43	48	71	48	71	49
3095	1	3	1	44	0	0	-2	-2	-2	-2	374	0	0	0	0	0	0	0	0	0	0	0
952	2	2	2	26	2	2	2	2	2	2	135	236	228	248	250	243	107	0	24	10	0	52
5000	1	3	2	32	-2	-1	-1	-1	-1	-1	39	24	0	42	16	18	24	0	42	16	18	26
714	1	2	1	59	0	0	0	0	0	0	477	506	527	528	538	0	36	33	11	11	0	0
1667	2	1	2	34	2	2	2	2	2	2	1032	1056	1032	1110	1132	1158	48	0	95	48	48	48
1905	1	2	2	38	0	0	0	0	0	0	2128	1934	1838	712	822	839	119	456	36	238	30	30
3810	1	1	2	35	-1	-1	-1	-1	-1	-1	9	9	9	0	19	29	9	9	0	19	29	0
2381	2	2	1	31	0	0	0	0	0	0	1805	1831	1861	1901	1781	1306	65	70	83	71	47	47
5000	2	1	2	26	-1	-1	-1	-2	-1	-1	6	38	0	0	7	0	39	0	0	7	0	0
5000	2	2	1	33	-1	-1	-1	-2	-2	-2	47	18	0	0	0	0	20	0	0	0	0	0
1905	2	2	2	24	2	2	2	2	2	2	566	551	636	644	659	645	0	102	26	29	0	60
1429	2	1	1	49	0	0	0	0	0	0	1467	1461	832	804	784	0	67	33	16	16	0	80
2143	2	1	2	23	-1	-1	-1	0	0	0	8	73	91	147	140	8	73	91	140	0	0	79
2381	2	3	2	27	0	0	0	0	0	2	1272	931	953	966	1039	986	47	46	36	88	0	40
10476	2	1	2	36	-2	-2	-2	-2	-2	-2	0	0	0	0	0	0	0	0	0	0	3857	0
2619	2	2	2	36	0	0	0	0	0	0	1146	1065	899	822	703	1010	119	48	48	48	392	71
1667	2	2	1	62	0	0	0	0	0	0	1364	1340	1341	697	703	709	68	64	36	26	26	27
8571	1	1	2	34	-1	-1	0	0	0	0	126	578	797	1236	724	1158	578	238	476	72	476	714
4762	2	1	2	28	0	0	0	0	2	2	1401	1476	175	226	203	183	98	71	71	0	24	0
10000	1	1	2	35	0	0	0	0	0	0	4004	3885	3557	3245	3056	2871	357	143	119	238	238	238
476	1	2	2	25	-1	3	2	2	-2	-2	278	263	51	0	0	0	0	0	257	0	0	0
6667	2	1	2	35	0	0	0	0	0	0	5039	5084	2537	2532	2585	2641	153	125	90	92	97	96
3095	2	2	1	44	2	2	2	2	2	2	2376	2438	2472	2480	2536	2598	121	95	83	100	107	83
238	1	3	2	23	0	0	0	0	0	0	185	200	225	224	127	126	31	32	26	5	9	0
476	1	2	2	36	0	0	0	2	0	0	391	408	480	465	474	469	31	79	0	24	24	21
6190	2	2	2	27	-2	-2	-2	-2	-2	-2	21	0	0	0	0	0	0	0	0	0	0	0
3333	1	1	2	32	-2	-2	-2	-2	-2	-2	16	243	20	10	2	34	243	20	10	2	34	0
5714	2	2	1	31	1	2	2	2	0	0	164	158	250	67	91	136	0	95	24	29	48	0
714	2	2	1	67	2	2	0	0	2	2	723	691	660	702	717	639	0	36	52	29	0	55
3810	2	3	2	36	-1	-1	-1	-1	0	-1	648	21	25	42	21	131	21	25	42	0	131	0
238	1	2	2	54	0	0	0	2	2	0	88	123	196	196	190	194	37	79	7	0	7	48
4762	2	3	1	47	1	-2	-2	-2	-2	-2	0	0	0	0	0	0	0	0	0	0	0	0
6429	2	2	1	32	1	2	2	2	2	2	5589	5548	5459	5182	5326	5272	238	190	0	381	190	0
1667	2	2	2	23	0	0	0	0	0	0	1358	1386	1409	1445	1477	1555	64	60	60	60	102	71
5714	2	1	2	29	2	0	0	2	0	0	783	810	911	895	974	1037	48	119	0	95	71	238
2143	1	4	2	26	-2	-2	-2	-2	-2	-2	68	0	0	24	8	8	0	0	24	8	8	28
5714	1	2	1	44	-1	-1	-1	-1	0	-1	129	216	313	155	70	26	216	313	163	55	26	49
2143	2	2	1	34	-2	-2	-2	-2	-2	-2	45	46	282	16	0	16	46	282	254	0	16	0
4048	1	1	1	34	0	0	0	0	0	0	1265	1241	1095	842	694	523	48	48	36	24	24	5
1905	2	1	2	23	0	0	0	0	0	-1	1268	907	470	347	0	35	107	48	74	0	35	0
1190	2	2	2	22	0	0	0	0	0	0	590	618	635	651	705	624	48	36	36	71	22	83
3333	2	3	1	25	-2	-2	-2	-2	-2	-2	1831	547	675	721	913	1924	47	429	71	214	1074	956
7619	1	1	2	34	-1	-1	-1	-1	-1	-1	18	55	52	94	132	75	55	52	94	132	75	73
4286	2	2	1	39	1	-2	-2	-2	-2	-2	0	0	0	0	0	0	0	0	0	0	0	0
3571	2	2	1	44	0	0	0	0	0	0	1184	1195	1203	1209	1216	1201	48	44	42	42	43	42
1190	2	3	1	53	0	0	-1	-1	-1	2	482	505	2	9	26	13	43	2	16	26	0	19
5714	2	2	1	32	0	0	0	0	0	0	1269	403	306	345	292	198	190	36	119	24	71	63
7619	1	2	2	27	0	0	0	0	0	0	7597	7698	7097	4307	4180	3128	301	266	136	141	140	59
1190	1	1	2	29	-1	-1	-2	-2	-2	-2	36	0	0	0	0	0	0	0	0	0	0	0
11905	2	1	1	34	-2	-2	-2	-2	-2	-2	310	310	310	310	310	310	310	310	310	310	310	310
2619	1	2	1	26	0	0	0	0	0	0	1250	1277	1305	1327	1357	1382	48	49	45	49	47	48
1429	1	2	2	25	-1	-1	0	-1	-1	0	11	40	86	14	115	148	40	60	14	115	48	58
6190	2	1	2	29	-1	-1	-2	-1	-1	-1	11	0	0	13	21	31	0	0	13	21	31	22
11905	2	2	1	42	0	0	-2	-2	-2	-2	3568	0	0	0	0	0	0	0	0	0	0	0
2381	1	2	1	46	1	2	2	0	0	0	539	571	555	586	598	611	48	0	48	29	26	29
5238	2	1	2	30	1	2	-1	-1	0	-1	691	558	8	5	5	307	0	8	12	0	310	0
11905	2	1	1	38	-1	-1	-1	-1	-1	-1	185	230	178	199	212	153	230	178	199	212	153	501
1190	2	3	1	31	0	0	0	0	0	0	242	291	315	363	390	432	52	30	54	33	48	24
1905	1	2	2	36	0	0	2	2	0	0	1897	1889	1907	1865	1095	1082	169	62	9	45	43	43
5952	1	1	2	30	0	0	0	0	0	0	1760	2545	4163	1938	1464	663	952	2042	837	101	145	2
3095	1	2	2	38	0	-1	0	0	0	0	225	1479	1145	974	836	592	1501	35	27	24	24	25
1905	2	3	1	51	1	2	0	0	0	0	1245	1210	1236	1261	1286	1313	0	45	46	46	48	49
6429	2	2	2	25	0	0	0	0	0	0	3879	3718	3034	3020	2761	2689	121	114	106	92	94	119
3095	1	2	2	30	-1	2	2	2	-1	-1	19	19	9	0	19	0	9	0	0	19	0	0
952	2	2	1	28	0	0	2	0	0	0	695	763	744	761	780	799	87	0	36	31	36	29
6667	1	4	1	42	-1	-1	-1	0	-1	-1	282	244	320	132	30	626	244	321	133	30	629	139
2143	2	1	2	28	-2	-2	-2	-2	-2	-2	46	0	0	0	0	0	0	0	0	0	0	0
5952	2	3	3	26	0	0	0	0	0	0	679	3307	3120	1992	1542	1248	3085	238	72	71	60	48
10238	2	1	1	48	-1	-1	-2	-2	-2	-1	236	0	0	0	0	55	0	0	0	0	55	904
4048	2	2	2	25	0	0	0	0	0	0	104	189	1189	1178	1107	462	167	1167	24	23	27	413
714	2	3	2	22	0	0	0	0	0	0	680	635	609	389	469	476	48	49	48	95	48	48
5476	2	1	1	31	0	0	0	0	0	0	374	285	320	385	236	228	48	48	81	0	0	0
1905	2	2	2	34	2	2	3	2	0	0	1782	2001	1957	1874	635	0	264	0	0	26	0	0
9524	2	2	1	53	0	0	-1	0	0	0	6020	6121	2377	2404	2424	2805	272	2377	83	87	424	100
4762	1	1	1	31	0	0	0	0	0	0	3816	2835	2708	2606	1796	546	144	95	95	71	24	24
3095	1	3	1	46	1	2	0	0	0	0	633	618	599	553	316	331	2	48	24	17	24	48
1429	1	2	1	43	0	0	0	0	0	-1	1399	966	300	540	421	23	119	119	243	21	30	0
1190	1	3	1	42	0	0	0	0	0	0	696	567	420	428	437	446	48	31	15	16	16	16
1429	2	1	2	28	0	0	0	2	0	0	481	199	170	101	116	128	27	58	0	19	24	0
3095	2	2	1	45	-1	2	-1	-1	-1	-1	47	24	24	24	24	27	0	24	24	24	27	24
476	1	2	2	33	-1	0	0	0	0	0	72	38	476	476	478	473	30	459	16	22	24	21
6190	2	1	1	32	-1	-1	2	-1	-1	-1	14	54	54	41	17	4	54	0	41	17	4	89
6190	2	1	1	31	-1	0	0	0	0	2	192	648	664	677	933	898	476	48	48	286	0	48
4762	1	2	2	26	0	0	0	0	0	0	2457	2548	2566	2618	2701	2748	131	95	95	125	119	105
3095	2	1	1	30	0	0	0	0	-1	-1	220	244	168	107	71	0	29	24	95	71	0	5
3095	2	1	2	31	0	0	0	0	0	0	3187	3019	3102	3181	3148	3139	167	167	167	131	121	131
10238	2	1	2	34	-1	-1	-1	2	-1	-1	4	39	374	175	105	61	40	376	1	106	61	79
1190	1	3	2	27	0	0	0	0	0	0	1071	1096	1074	1092	1118	1173	50	50	43	48	74	31
4048	2	3	1	61	1	-2	-2	-2	-1	-1	0	0	0	0	5	0	0	0	0	5	0	0
6190	1	2	2	30	0	0	0	0	0	0	10344	10563	10779	1149	460	169	238	239	51	73	71	71
2857	1	2	2	34	-2	-2	-2	-1	-1	-1	2	0	0	5	20	30	0	0	5	20	30	67
4762	2	2	1	40	0	0	0	0	0	0	525	557	512	210	102	0	48	27	102	0	0	0
9286	2	1	1	53	-1	-1	-2	-2	-1	0	15	0	0	0	8	32	0	0	0	8	24	26
3571	2	3	1	48	0	0	0	2	0	0	874	900	973	951	975	1003	48	95	0	48	48	48
1190	2	4	1	40	0	0	0	0	0	0	1065	1101	1114	1134	964	998	53	55	50	60	46	201
4286	1	2	2	30	0	0	0	2	0	0	970	865	878	810	829	845	38	110	0	36	34	33
1667	1	2	2	28	3	2	2	0	0	0	2189	2223	2174	2219	1260	1262	83	0	76	48	48	60
10238	2	1	1	46	-2	-2	-2	-2	-2	-2	221	1041	99	100	11	0	1041	99	100	11	0	85
4524	1	2	1	42	0	0	0	0	0	0	89	79	97	113	140	168	24	24	36	36	30	36
2143	1	1	2	26	0	0	-1	0	0	-1	932	487	46	46	0	550	37	100	0	0	550	71
3571	2	1	1	38	-2	-2	-2	-2	-2	-2	41	0	0	0	0	0	0	0	0	0	0	0
6667	2	2	2	47	-2	-2	-1	0	0	0	297	331	1598	1263	1587	1463	333	1662	41	637	239	1293
2381	2	1	1	51	0	0	0	0	0	0	2244	2073	2121	2170	1849	1869	76	81	88	67	69	74
476	2	3	1	36	-1	-1	-1	2	-1	-1	15	15	30	15	15	18	15	30	0	15	18	15
1190	1	2	1	48	0	0	0	0	0	0	1004	966	804	448	406	415	96	32	24	24	17	24
714	2	2	1	27	0	0	0	0	0	0	692	648	674	663	338	777	36	46	48	12	595	29
9762	2	1	2	25	-1	-1	-1	-1	-1	-1	99	104	250	218	185	687	104	250	218	185	687	357
1905	1	1	2	25	-1	-1	-1	-1	-1	2	50	30	11	15	57	22	30	11	15	57	0	14
3333	2	2	2	32	0	0	0	0	0	0	3277	3250	3226	3277	2861	2911	119	119	119	102	119	123
4286	1	3	2	29	-2	-2	-2	-2	-2	-1	104	75	62	207	122	209	75	62	208	122	209	358
3095	2	3	1	42	1	-2	-2	-2	-2	-2	0	0	0	0	0	0	0	0	0	0	0	119
7619	2	1	2	27	1	2	2	2	2	2	1030	1013	985	969	943	921	48	36	48	36	36	0
238	2	1	2	22	0	0	2	0	0	0	166	219	212	230	230	199	60	0	24	0	4	84
476	1	2	1	45	-2	-2	-2	-2	-2	-2	0	0	0	0	0	0	0	0	0	0	0	462
3571	1	1	2	38	1	2	2	2	0	0	3310	3223	3525	3411	3393	3385	0	357	0	121	130	119
1190	2	2	1	35	1	2	2	2	2	2	212	205	273	262	293	285	0	71	0	43	0	46
2857	1	2	2	34	-1	-1	-1	-1	-1	-1	20	20	20	20	20	20	20	20	20	20	20	63
1190	2	3	3	51	0	0	0	0	0	0	1066	1083	1105	1140	1130	1153	56	54	57	32	33	34
1190	2	3	1	33	1	2	0	0	0	0	1224	1198	1184	677	681	699	0	33	22	48	48	24
5000	1	2	1	38	2	0	0	0	0	0	4677	4636	4605	4644	4744	4839	200	202	186	176	186	164
3571	1	2	2	27	0	0	2	0	0	2	1400	1495	1458	1474	1645	1616	133	0	55	196	0	214
3095	1	1	2	29	1	-2	-2	-2	-2	-2	0	0	0	0	0	0	0	0	0	0	0	0
11905	2	2	1	42	0	0	0	0	0	0	1479	1434	1782	3019	1967	1699	477	952	2024	3	476	709
1190	2	3	1	49	2	2	2	0	0	0	1141	1165	1140	2340	475	476	50	0	129	24	21	24
5238	2	2	1	30	1	-2	-2	-2	-2	-2	0	0	0	0	0	0	0	0	0	0	0	0
6429	2	1	1	36	-2	-2	-2	-2	-2	-2	78	0	0	0	0	0	0	0	0	0	0	0
8333	1	1	1	34	0	0	0	0	0	0	2862	2916	1960	2030	1815	1601	140	79	97	71	57	61
476	2	1	2	24	0	0	0	0	0	0	442	456	459	459	457	0	43	33	10	10	0	0
476	1	1	2	28	1	2	0	0	2	2	202	195	217	260	249	269	0	29	48	0	24	0
1190	1	2	2	24	0	0	0	0	0	0	561	512	424	182	188	196	40	48	12	12	12	24
2143	1	2	1	55	0	0	0	0	0	0	358	470	604	646	754	902	119	143	119	119	190	48
1667	2	3	1	41	0	0	0	0	0	0	561	559	418	378	356	306	37	32	29	12	12	12
1429	2	1	2	29	-1	-1	-1	-1	0	-1	132	181	168	194	108	71	181	191	194	0	71	183
3571	2	1	2	32	0	0	0	0	0	0	2784	2552	2640	2660	2713	2777	95	131	99	100	110	95
1905	2	2	2	37	0	0	0	0	0	0	501	518	543	557	569	580	32	33	24	24	21	24
1905	2	2	2	52	0	0	0	0	0	0	2115	1841	1894	1312	1086	1086	71	88	36	24	0	0
3571	2	2	2	41	0	0	0	0	0	0	379	384	406	360	331	339	31	48	24	12	14	24
1905	2	3	1	41	0	0	0	0	0	0	1287	1214	694	798	454	340	238	238	119	71	71	119
12381	2	1	1	37	-2	-2	-2	-2	-2	-2	106	83	178	55	286	0	93	178	55	286	0	0
238	1	1	2	23	0	0	2	2	4	5	72	138	132	201	232	214	71	0	71	48	0	0
3333	2	1	2	27	0	0	0	0	0	0	3418	3377	3131	2247	2044	1999	127	95	83	71	310	55
238	1	3	1	51	2	2	2	2	0	0	85	143	144	139	143	183	60	7	0	7	42	7
8571	2	2	2	28	3	2	2	-2	-2	-2	60	60	0	0	0	0	0	0	0	0	0	0
5476	2	2	2	32	0	0	0	0	0	0	428	430	494	554	573	599	71	71	71	95	95	71
1905	2	2	2	36	0	0	2	2	2	2	1131	1201	1174	1252	1276	1304	95	0	98	48	52	52
7143	1	2	1	66	0	0	0	0	0	0	6179	6140	6216	6126	6104	5057	238	357	226	262	214	143
4762	1	1	2	32	-1	-1	-1	-1	-1	2	131	467	15	15	38	16	467	15	15	38	0	4
11905	1	1	1	58	1	2	0	0	-1	-1	1548	1502	1538	1527	6	6	0	66	31	6	6	112
4524	2	2	1	46	0	0	0	0	0	0	3348	2731	2640	2648	2086	2200	190	119	286	119	248	119
3810	2	2	1	38	0	0	0	-1	-1	-1	1760	2843	3196	302	151	257	1190	476	715	151	262	95
4762	2	2	2	40	0	0	0	0	0	0	2374	3314	3711	4611	5159	449	1410	833	1297	1111	449	0
2381	1	1	2	26	-1	-1	-1	-1	-1	-1	45	107	97	257	76	441	107	97	260	76	442	77
5238	2	1	2	35	-1	-1	-1	-1	-1	-1	132	177	133	133	133	137	178	133	133	133	138	78
4286	2	3	1	49	0	0	0	0	0	0	3871	3902	3476	2972	2990	2693	139	119	141	102	100	102
714	2	2	1	29	1	2	2	2	2	2	395	382	431	417	446	435	0	55	0	36	0	36
1190	1	3	3	50	0	0	0	-1	-1	-1	1090	556	0	81	66	0	54	0	81	66	40	0
1190	1	2	1	47	0	0	0	0	0	0	546	554	569	570	573	577	33	33	20	21	23	23
9524	2	2	1	24	0	0	0	0	0	0	4197	4530	2122	935	558	1427	1066	36	48	24	1240	121
476	2	2	1	32	0	0	0	0	0	0	369	391	412	419	429	444	38	38	24	24	36	17
1190	2	2	2	49	0	0	0	0	0	0	1032	1058	1081	1103	1125	1148	50	48	26	27	28	33
3810	1	1	1	41	1	2	0	0	0	0	1511	1512	1558	1590	1610	1642	40	70	72	61	62	72
11905	1	2	1	45	-1	-1	-1	-1	-1	-1	2445	369	450	749	196	612	371	452	752	197	615	56
476	2	2	2	21	0	0	0	0	0	0	477	425	323	280	253	239	36	26	8	48	48	19
476	1	2	2	46	-1	-1	-1	0	0	-2	19	0	28	19	0	0	0	28	0	0	0	0
1429	2	2	2	41	0	0	0	0	0	0	386	408	339	349	47	71	36	37	24	7	24	0
1190	1	3	1	39	0	0	0	0	0	0	1027	1057	1088	1116	1124	1156	48	48	48	48	48	48
5476	1	1	2	32	-2	-2	-2	-2	-2	-2	12	0	30	0	28	15	0	30	0	28	15	0
3571	1	1	2	34	0	0	0	0	0	0	1337	1449	1268	1451	1446	1367	241	357	238	72	36	48
3571	2	2	2	26	0	0	0	0	0	0	864	787	809	836	870	865	49	95	74	60	80	48
1190	1	3	2	35	1	2	0	0	0	2	1223	1196	1191	1202	1240	1217	0	51	48	102	0	49
1429	2	2	2	26	0	0	0	0	0	0	89	138	587	615	654	669	133	476	60	71	48	36
10238	2	2	1	42	0	0	0	0	0	0	2137	2128	2144	2157	2171	2194	75	77	76	76	83	83
714	1	1	1	32	0	0	0	0	0	0	537	467	491	493	503	534	32	31	17	18	60	43
714	2	2	1	25	2	2	2	2	2	2	685	647	715	696	744	722	0	86	0	67	0	26
1429	1	2	3	46	0	0	2	2	2	2	588	642	672	654	695	672	71	48	0	54	0	36
5952	1	1	1	55	1	-2	-2	-2	-2	-2	0	0	0	0	0	0	0	0	0	0	0	92
5714	2	1	1	37	0	0	0	0	0	0	3754	3947	4129	4213	4211	4219	256	248	248	163	171	152
7143	2	2	2	39	-1	-1	-1	-1	-1	-1	150	131	24	24	24	24	131	24	24	24	24	24
714	1	1	2	30	0	0	0	0	0	0	620	645	668	619	605	625	42	42	40	19	28	74
3571	2	1	1	33	-1	2	-1	-1	-1	-1	81	38	42	38	0	278	0	42	38	0	278	0
3810	2	3	1	46	-1	-1	-1	-2	-2	-2	23	12	0	0	0	0	12	0	0	0	0	0
5476	2	3	1	58	-2	-2	-2	-2	-2	-2	8	8	55	8	8	8	8	55	8	8	8	8
5000	1	1	1	31	0	0	0	0	0	0	3357	3339	3370	3424	3443	3495	121	124	123	124	126	146
714	2	2	1	24	0	0	0	0	0	0	530	564	577	545	79	81	42	31	12	2	2	0
1190	1	1	2	22	0	0	0	0	0	-1	122	142	149	143	138	9	31	24	3	5	9	28
6190	1	1	1	40	0	0	-1	-1	-1	-1	532	655	93	216	80	87	181	94	740	80	87	12
4286	2	3	1	43	-2	-1	0	0	0	0	3107	1127	1147	1170	1146	1090	1127	40	39	48	48	34
714	1	1	2	24	2	0	0	0	0	2	602	627	660	666	714	699	36	43	24	60	0	43
5952	2	1	2	32	-1	-1	-1	-1	-1	-1	4	4	4	4	4	8	4	4	4	4	8	3
2619	2	2	1	31	0	0	0	0	0	0	1884	1817	1852	1889	1918	1873	66	66	66	69	71	61
1190	2	2	2	34	1	-2	-1	-1	-1	0	0	0	10	0	14	14	0	10	0	14	0	102
1190	2	2	2	23	0	0	0	0	2	0	1153	942	403	460	420	434	38	38	71	0	24	24
952	2	2	2	27	0	0	0	0	0	0	691	814	848	881	885	906	214	48	48	32	36	36
3810	2	2	1	51	2	0	0	0	2	0	1555	1610	1664	1859	1792	1871	95	95	238	0	119	71
8333	2	1	2	30	-2	-2	-2	-2	-2	-2	20	4	9	4	6	4	4	9	4	6	4	20
1667	2	2	1	34	0	0	0	0	0	0	1202	1119	1116	996	984	985	52	48	48	36	40	48
7381	2	2	2	25	0	0	0	0	0	0	681	524	348	360	430	395	210	38	24	74	48	24
11905	1	1	1	41	-1	-1	2	2	-1	2	9	19	9	0	78	60	19	0	0	78	0	0
4048	1	2	2	39	-1	-1	-1	0	-1	2	58	192	104	8	146	134	192	104	0	146	0	71
7619	2	2	1	53	0	0	0	0	0	0	203	3615	3651	3703	3780	3856	3571	203	119	107	108	119
2381	2	2	1	29	-1	-1	-2	-2	-2	-2	12	0	0	0	0	0	0	0	0	0	0	0
714	1	3	2	25	2	0	0	0	0	2	558	577	603	627	655	717	36	36	34	38	76	0
